time,SlrW_Avg,SlrW_Max,SlrW_Min,SlrMJ_Tot,PAR_Den_Avg,PAR_Den_Max,PAR_Den_Min,PAR_Tot_Tot,AirTC_Avg,RH,VWC_Avg,EC_Avg,T_Avg,VWC_2_Avg,EC_2_Avg,T_2_Avg
2021-11-01 0:00,0,0,0,0,0.001,0.032,0,0.000630165,15.24,89.9,0.423,0.284,16.79,0.423,0.285,16.79
2021-11-01 0:10,0,0,0,0,0,0.009,0,0.000216937,15.2,90.2,0.423,0.284,16.74,0.423,0.284,16.74
2021-11-01 0:20,0,0,0,0,0.001,0.037,0,0.00036887,15.16,90.2,0.423,0.284,16.7,0.423,0.284,16.71
2021-11-01 0:30,0,0,0,0,0.001,0.025,0,0.000449635,15.12,90.5,0.423,0.284,16.67,0.423,0.284,16.67
2021-11-01 0:40,0,0,0,0,0.001,0.022,0,0.000384432,15.1,90.5,0.423,0.284,16.64,0.423,0.284,16.64
2021-11-01 0:50,0,0,0,0,0.001,0.014,0,0.000363048,15.02,90.3,0.423,0.284,16.61,0.423,0.284,16.61
2021-11-01 1:00,0,0,0,0,0.001,0.018,0,0.000370346,14.97,90.1,0.423,0.284,16.56,0.423,0.284,16.56
2021-11-01 1:10,0,0,0,0,0,0.024,0,0.000245648,14.89,90.3,0.423,0.284,16.51,0.423,0.284,16.51
2021-11-01 1:20,0,0,0,0,0.001,0.023,0,0.000873371,14.84,90.4,0.423,0.284,16.47,0.423,0.284,16.47
2021-11-01 1:30,0,0,0,0,0.001,0.015,0,0.000367166,14.8,90.8,0.423,0.284,16.43,0.423,0.284,16.43
2021-11-01 1:40,0,0,0,0,0.001,0.014,0,0.000313663,14.75,90.3,0.423,0.284,16.39,0.423,0.284,16.39
2021-11-01 1:50,0,0,0,0,0.002,0.038,0,0.001034873,14.69,90.4,0.423,0.284,16.35,0.423,0.284,16.35
2021-11-01 2:00,0,0,0,0,0,0.01,0,0.000101724,14.63,90.3,0.423,0.284,16.29,0.423,0.284,16.29
2021-11-01 2:10,0,0,0,0,0.001,0.02,0,0.000509868,14.53,90.4,0.422,0.283,16.24,0.422,0.283,16.24
2021-11-01 2:20,0,0,0,0,0.001,0.025,0,0.00050541,14.46,90.5,0.423,0.283,16.18,0.423,0.283,16.17
2021-11-01 2:30,0,0,0,0,0.001,0.019,0,0.000406355,14.4,90.8,0.422,0.283,16.12,0.422,0.283,16.12
2021-11-01 2:40,0,0,0,0,0,0.015,0,0.00019507,14.35,90.7,0.422,0.283,16.08,0.422,0.283,16.08
2021-11-01 2:50,0,0,0,0,0,0.013,0,0.00028745,14.31,90.8,0.422,0.283,16.04,0.422,0.283,16.04
2021-11-01 3:00,0,0,0,0,0,0.01,0,0.000191719,14.24,90.9,0.422,0.283,15.98,0.422,0.283,15.99
2021-11-01 3:10,0,0,0,0,0,0.009,0,0.00018087,14.21,91.1,0.422,0.283,15.97,0.422,0.283,15.97
2021-11-01 3:20,0,0,0,0,0,0.014,0,0.000276006,14.22,91.6,0.422,0.283,15.97,0.422,0.283,15.96
2021-11-01 3:30,0,0,0,0,0,0.01,0,0.000133928,14.22,92,0.422,0.282,15.97,0.422,0.283,15.97
2021-11-01 3:40,0,0,0,0,0.001,0.018,0,0.000336466,14.26,92.1,0.422,0.282,15.99,0.422,0.282,15.99
2021-11-01 3:50,0,0,0,0,0,0.008,0,0.000118337,14.31,92.3,0.422,0.282,15.99,0.422,0.282,15.99
2021-11-01 4:00,0,0,0,0,0,0.017,0,0.000162639,14.3,91.9,0.422,0.282,16,0.422,0.282,16
2021-11-01 4:10,0,0,0,0,0,0.017,0,0.000141396,14.3,91.9,0.422,0.282,15.99,0.422,0.282,15.99
2021-11-01 4:20,0,0,0,0,0,0.011,0,0.000197512,14.31,91.9,0.422,0.282,15.97,0.422,0.282,15.97
2021-11-01 4:30,0,0,0,0,0,0.017,0,0.000127226,14.28,91.8,0.422,0.282,15.94,0.422,0.282,15.94
2021-11-01 4:40,0,0,0,0,0,0.008,0,0.000110016,14.26,91.8,0.422,0.282,15.92,0.422,0.282,15.92
2021-11-01 4:50,0,0,0,0,0,0.011,0,9.75E-05,14.25,91.7,0.422,0.282,15.9,0.422,0.282,15.91
2021-11-01 5:00,0,0,0,0,0,0.006,0,8.78E-05,14.18,91.5,0.422,0.282,15.87,0.422,0.282,15.87
2021-11-01 5:10,0,0,0,0,0,0.01,0,0.0002112,14.1,91.5,0.422,0.282,15.82,0.422,0.281,15.82
2021-11-01 5:20,0,0,0,0,0,0.004,0,5.41E-05,14.07,91.7,0.422,0.281,15.79,0.422,0.281,15.78
2021-11-01 5:30,0,0,0,0,0,0.017,0,0.000114986,14.04,91.7,0.422,0.281,15.77,0.422,0.281,15.77
2021-11-01 5:40,0,0,0,0,0,0.016,0,0.000220884,14.02,92,0.422,0.281,15.74,0.422,0.281,15.74
2021-11-01 5:50,0,0,0,0,0,0.008,0,0.000157243,14,91.7,0.422,0.281,15.71,0.422,0.281,15.71
2021-11-01 6:00,0,0,0,0,0,0.034,0,0.000259392,13.95,91.5,0.422,0.281,15.67,0.422,0.281,15.67
2021-11-01 6:10,0,0,0,0,0.001,0.028,0,0.000404594,13.88,91.5,0.422,0.281,15.63,0.422,0.281,15.63
2021-11-01 6:20,0,0,0,0,0,0.008,0,5.56E-05,13.82,91.3,0.422,0.281,15.59,0.422,0.281,15.59
2021-11-01 6:30,0,0,0,0,0.001,0.012,0,0.000505239,13.73,91.1,0.422,0.281,15.54,0.422,0.281,15.54
2021-11-01 6:40,0,0,0,0,0.005,0.034,0,0.002753383,13.66,90.9,0.422,0.281,15.48,0.422,0.281,15.48
2021-11-01 6:50,0,0,0,0,0.052,0.119,0,0.03097513,13.58,91.1,0.422,0.28,15.42,0.422,0.28,15.42
2021-11-01 7:00,0,0,0,0,0.154,0.268,0.068,0.09224606,13.51,91.4,0.422,0.28,15.37,0.422,0.28,15.37
2021-11-01 7:10,2.471,5.22,0,0.001482448,8.7,17.69,0.224,5.221473,13.46,91.2,0.422,0.28,15.34,0.422,0.28,15.34
2021-11-01 7:20,6.339,7.797,5.264,0.003803534,21.84,27.1,17.77,13.10546,13.14,84,0.422,0.28,15.24,0.422,0.28,15.24
2021-11-01 7:30,12.48,20.05,7.849,0.007485137,37.93,54.13,27.22,22.75677,12.72,84.6,0.422,0.28,14.99,0.422,0.28,14.99
2021-11-01 7:40,25.89,33.77,20.21,0.01553272,68,85.9,54.45,40.80039,12.65,86.2,0.422,0.28,14.92,0.422,0.28,14.92
2021-11-01 7:50,42.56,56.74,33.89,0.02553505,103,125.8,86.2,61.77221,12.77,88.5,0.422,0.28,15.04,0.422,0.28,15.04
2021-11-01 8:00,68.96,82.3,56.88,0.04137773,144.5,164.9,126.2,86.72655,13.34,90.5,0.422,0.28,15.39,0.422,0.28,15.39
2021-11-01 8:10,87.2,93,82.5,0.0523079,174,185.9,165.3,104.4119,14.37,82.3,0.422,0.28,15.93,0.422,0.28,15.94
2021-11-01 8:20,92,96.7,88.9,0.05522338,188.9,196.1,184.6,113.3315,15.14,69.03,0.422,0.28,16.32,0.422,0.28,16.32
2021-11-01 8:30,90.7,98.6,80.7,0.05440184,192.1,208.5,175.5,115.2514,15.47,65.21,0.422,0.28,16.48,0.422,0.28,16.48
2021-11-01 8:40,109,132.2,94.3,0.06542929,230.7,269.6,205.2,138.4461,15.23,66.97,0.422,0.28,16.56,0.422,0.28,16.56
2021-11-01 8:50,140.9,147.3,118.6,0.08452912,292,305.4,249.8,175.1725,15.28,65.93,0.422,0.28,16.78,0.422,0.28,16.78
2021-11-01 9:00,141.2,149.9,134.2,0.08474579,296.4,306.8,285.9,177.8244,15.85,65.32,0.422,0.279,17.17,0.422,0.28,17.17
2021-11-01 9:10,166.5,184.8,137.9,0.09992146,375.2,440.4,301.7,225.1024,16.26,63.08,0.422,0.279,17.58,0.422,0.28,17.57
2021-11-01 9:20,170.2,188.4,151.4,0.1021247,382.7,438.8,358.8,229.6221,16.84,61.82,0.422,0.28,18.09,0.422,0.28,18.09
2021-11-01 9:30,176.6,212.3,154.3,0.1059566,431.3,455.8,370.9,258.8096,17.92,57,0.422,0.279,18.68,0.421,0.279,18.69
2021-11-01 9:40,231.8,242.2,212,0.1391047,477.1,497.9,420.2,286.2728,18.66,55.11,0.421,0.279,19.44,0.421,0.279,19.44
2021-11-01 9:50,251.8,264.7,213.1,0.1510898,529,552.4,496.2,317.3895,19.12,54.86,0.421,0.279,20.23,0.421,0.279,20.23
2021-11-01 10:00,280.2,313,212.2,0.1680909,538.2,595.3,309.3,322.9398,19.41,53.33,0.421,0.279,21.06,0.421,0.279,21.06
2021-11-01 10:10,245,299.4,187,0.146993,538.1,576.5,504.5,322.8835,19.98,53.87,0.421,0.279,21.91,0.421,0.28,21.91
2021-11-01 10:20,283.4,345.1,195.2,0.1700296,569.8,600.6,514,341.9075,20.72,51.93,0.421,0.28,22.56,0.421,0.28,22.56
2021-11-01 10:30,331.1,343.9,318.2,0.1986408,634.6,681.5,568,380.7797,21.11,51.15,0.421,0.28,23.2,0.421,0.28,23.2
2021-11-01 10:40,315.6,337.4,278.5,0.1893375,600.7,689.9,445.3,360.4038,21.41,50.08,0.421,0.28,23.73,0.421,0.28,23.74
2021-11-01 10:50,325.6,348.1,303.5,0.1953488,618.9,738,476.2,371.3269,21.92,48.72,0.427,0.287,24.07,0.427,0.287,24.07
2021-11-01 11:00,336.4,365.9,297.3,0.2018659,710.4,774.1,658.1,426.218,22.26,48.35,0.461,0.339,24.17,0.461,0.339,24.17
2021-11-01 11:10,303.8,325.3,286.8,0.18229,718.7,746.6,674.2,431.2177,22.21,45.72,0.481,0.369,24.17,0.481,0.369,24.16
2021-11-01 11:20,268.1,322.2,210.2,0.160873,616.7,682.4,559,370.0221,22.76,44.13,0.485,0.375,24.21,0.485,0.375,24.21
2021-11-01 11:30,234.8,282.9,216.3,0.1408784,682,762.2,564.6,409.2046,23.33,42.43,0.486,0.374,24.37,0.486,0.374,24.37
2021-11-01 11:40,349.9,381,284.9,0.2099653,685.4,760.7,552.8,411.2411,23.75,42.09,0.487,0.37,24.41,0.487,0.37,24.41
2021-11-01 11:50,341,379.1,256.6,0.2046218,739.9,772.9,699.4,443.9529,23.84,40.99,0.487,0.365,24.36,0.487,0.365,24.36
2021-11-01 12:00,361,383.5,230.3,0.2165986,714.1,755.4,388.8,428.4546,23.8,41.05,0.485,0.356,24.28,0.485,0.356,24.28
2021-11-01 12:10,374.7,404.3,252.9,0.2247957,684.5,781.1,442.9,410.7009,23.45,40.92,0.478,0.342,24.13,0.478,0.342,24.12
2021-11-01 12:20,314.6,411.4,210,0.1887369,713.2,760.1,665.3,427.9091,23.65,39.19,0.479,0.341,24.09,0.479,0.341,24.09
2021-11-01 12:30,413.3,433.1,387.8,0.2480096,696.4,805,535.6,417.8483,23.77,39.78,0.47,0.325,24.16,0.47,0.325,24.16
2021-11-01 12:40,239.2,394.2,86.2,0.1435153,585.9,817,246.9,351.5686,23.52,41.98,0.464,0.316,24.23,0.464,0.316,24.23
2021-11-01 12:50,93.7,373.9,50.27,0.05622661,240.6,691.1,147,144.3329,22.56,41.87,0.462,0.313,23.68,0.462,0.313,23.68
2021-11-01 13:00,243.8,365.7,56.71,0.1462777,501.2,700.3,173.7,300.7468,21.68,43.61,0.46,0.311,23.04,0.46,0.311,23.04
2021-11-01 13:10,321.2,345.2,302.3,0.1927477,651.8,696.7,604.4,391.067,22.71,39.48,0.459,0.31,23.24,0.459,0.31,23.24
2021-11-01 13:20,282.3,328.7,205.4,0.1694003,605.9,649.9,508.7,363.5686,23.38,37.56,0.458,0.309,23.68,0.458,0.309,23.68
2021-11-01 13:30,305,335.1,113.4,0.1829955,591.9,644.4,285.2,355.1137,23.75,36.89,0.457,0.308,23.99,0.457,0.308,23.99
2021-11-01 13:40,212.9,299.3,69.09,0.1277394,447.8,600.1,200.1,268.6955,23.42,36.85,0.457,0.307,24.11,0.457,0.307,24.11
2021-11-01 13:50,204.5,302.2,70.83,0.1226827,404.7,546.5,201,242.8397,22.71,39.15,0.456,0.307,23.8,0.456,0.307,23.8
2021-11-01 14:00,188.6,281.7,69.27,0.1131709,377.7,469.6,200.5,226.6048,22.74,38.17,0.455,0.306,23.57,0.455,0.306,23.57
2021-11-01 14:10,254.9,269.3,213.6,0.1529379,477,504.9,428.6,286.2231,22.55,36.39,0.455,0.306,23.37,0.455,0.306,23.37
2021-11-01 14:20,223.4,248.1,88,0.1340675,393.4,460.6,231.8,236.0661,23.18,36.1,0.454,0.305,23.38,0.454,0.305,23.38
2021-11-01 14:30,206.7,248.8,148.7,0.1240404,427.7,457.4,356.7,256.5964,23.57,35.15,0.454,0.305,23.47,0.454,0.305,23.47
2021-11-01 14:40,168.3,209.7,59.87,0.1009554,355.8,438.2,188,213.4914,23.3,34.3,0.454,0.305,23.48,0.454,0.305,23.48
2021-11-01 14:50,150.5,189.5,50.86,0.09032357,306.1,370.3,159.6,183.6811,22.83,34.92,0.453,0.304,23.34,0.453,0.304,23.35
2021-11-01 15:00,152.3,170,104.6,0.09137923,282.2,293.9,212.7,169.3393,22.43,34.78,0.465,0.322,23.08,0.465,0.322,23.08
2021-11-01 15:10,152,161.3,145.9,0.09118801,257.9,274.6,245.9,154.759,22.41,35.18,0.487,0.359,22.87,0.487,0.359,22.87
2021-11-01 15:20,132,148.3,101.3,0.07919088,241.6,246.8,229.8,144.9851,22.34,35.8,0.49,0.372,22.64,0.49,0.372,22.64
2021-11-01 15:30,126,140.8,101.3,0.07559883,213.5,228.9,200.8,128.1084,22.27,35.11,0.492,0.382,22.44,0.492,0.382,22.44
2021-11-01 15:40,101.9,116.6,79.69,0.06115692,191.3,202,177.2,114.7644,22.15,35.33,0.493,0.39,22.28,0.493,0.39,22.28
2021-11-01 15:50,85.1,91.3,75.97,0.05104012,167.8,177.3,159.7,100.703,21.86,36.33,0.493,0.396,22.06,0.493,0.396,22.06
2021-11-01 16:00,70.83,86.1,62.04,0.04249731,153,163.4,136.4,91.7934,21.47,36.34,0.494,0.401,21.76,0.494,0.401,21.76
2021-11-01 16:10,54.33,61.37,47.42,0.03259799,126.6,137.6,118,75.95479,21.21,38.77,0.494,0.402,21.44,0.494,0.402,21.44
2021-11-01 16:20,47.72,54.09,42.52,0.02863493,112.3,118.5,104.3,67.38908,21.14,37.04,0.494,0.406,21.2,0.494,0.406,21.2
2021-11-01 16:30,38.84,43.31,33.62,0.02330129,93.5,105.1,82.3,56.09742,20.98,37.02,0.495,0.409,20.97,0.495,0.409,20.97
2021-11-01 16:40,30.31,33.5,25.96,0.01818808,74.28,82.2,63.99,44.57009,20.75,38.13,0.495,0.412,20.71,0.495,0.412,20.71
2021-11-01 16:50,22.33,25.81,18.36,0.01339634,55.73,63.81,47.94,33.43906,20.43,40.24,0.495,0.412,20.42,0.495,0.412,20.42
2021-11-01 17:00,13.46,18.33,10.5,0.008078363,38.59,47.77,31.62,23.15238,20.08,41.87,0.495,0.402,20.1,0.495,0.402,20.11
2021-11-01 17:10,8.89,10.69,6.711,0.005333943,26.17,31.52,20.73,15.7015,19.53,41.58,0.494,0.385,19.74,0.494,0.385,19.74
2021-11-01 17:20,5.033,6.715,3.325,0.003019921,15.67,20.65,11.2,9.403508,19.14,43.65,0.494,0.369,19.39,0.494,0.369,19.39
2021-11-01 17:30,1.725,3.308,0.416,0.001034714,7.584,11.11,4.532,4.550103,18.82,46.38,0.492,0.366,19.07,0.492,0.365,19.07
2021-11-01 17:40,0.04,0.385,0,2.40E-05,2.617,4.521,1.158,1.570206,18.39,49.05,0.477,0.345,18.71,0.477,0.345,18.71
2021-11-01 17:50,0,0,0,0,0.517,1.159,0.161,0.3102315,17.77,51.3,0.473,0.339,18.29,0.473,0.339,18.29
2021-11-01 18:00,0,0,0,0,0.092,0.177,0.039,0.05516835,17.32,61.46,0.471,0.336,17.97,0.471,0.336,17.97
2021-11-01 18:10,0,0,0,0,0.038,0.08,0.004,0.0226006,16.92,69.58,0.469,0.332,17.77,0.469,0.332,17.77
2021-11-01 18:20,0,0,0,0,0.024,0.059,0,0.01413614,16.93,72.99,0.466,0.33,17.76,0.466,0.33,17.76
2021-11-01 18:30,0,0,0,0,0.018,0.055,0,0.01067062,17.18,75.42,0.465,0.328,17.79,0.465,0.328,17.79
2021-11-01 18:40,0,0,0,0,0.012,0.044,0,0.007033302,17.34,77.1,0.464,0.326,17.83,0.464,0.326,17.83
2021-11-01 18:50,0,0,0,0,0.009,0.032,0,0.005466138,17.44,79.16,0.462,0.323,17.85,0.462,0.323,17.85
2021-11-01 19:00,0,0,0,0,0.007,0.037,0,0.00400178,17.43,81,0.461,0.322,17.85,0.461,0.322,17.85
2021-11-01 19:10,0,0,0,0,0.004,0.029,0,0.002526722,17.46,83,0.46,0.321,17.84,0.46,0.321,17.84
2021-11-01 19:20,0,0,0,0,0.004,0.028,0,0.002643015,17.48,84,0.459,0.32,17.85,0.459,0.32,17.85
2021-11-01 19:30,0,0,0,0,0.003,0.024,0,0.001719205,17.44,84.8,0.459,0.319,17.84,0.459,0.319,17.84
2021-11-01 19:40,0,0,0,0,0.002,0.022,0,0.001304752,17.41,85.5,0.459,0.319,17.83,0.459,0.319,17.83
2021-11-01 19:50,0,0,0,0,0.002,0.027,0,0.001236481,17.32,86.8,0.458,0.319,17.79,0.458,0.319,17.79
2021-11-01 20:00,0,0,0,0,0.002,0.022,0,0.001064697,17.25,87.4,0.458,0.318,17.77,0.458,0.318,17.77
2021-11-01 20:10,0,0,0,0,0.001,0.022,0,0.000755491,17.19,88.1,0.457,0.318,17.74,0.457,0.318,17.74
2021-11-01 20:20,0,0,0,0,0.001,0.028,0,0.000752538,17.14,88.8,0.457,0.318,17.72,0.457,0.318,17.72
2021-11-01 20:30,0,0,0,0,0,0.011,0,0.000255787,17.12,89.1,0.457,0.318,17.73,0.457,0.318,17.73
2021-11-01 20:40,0,0,0,0,0.001,0.027,0,0.000574279,17.13,89.1,0.456,0.317,17.73,0.456,0.317,17.73
2021-11-01 20:50,0,0,0,0,0.001,0.02,0,0.000716131,17.12,89.5,0.456,0.317,17.72,0.456,0.317,17.72
2021-11-01 21:00,0,0,0,0,0.001,0.021,0,0.000337916,17.09,89.5,0.456,0.317,17.7,0.456,0.317,17.7
2021-11-01 21:10,0,0,0,0,0.001,0.019,0,0.000415275,17.06,89.5,0.456,0.317,17.68,0.456,0.317,17.68
2021-11-01 21:20,0,0,0,0,0,0.011,0,0.000251187,16.99,89.9,0.455,0.317,17.65,0.455,0.317,17.65
2021-11-01 21:30,0,0,0,0,0.001,0.028,0,0.000363135,16.95,90.2,0.455,0.316,17.62,0.455,0.316,17.62
2021-11-01 21:40,0,0,0,0,0.001,0.017,0,0.000338598,16.9,90.3,0.455,0.316,17.6,0.455,0.316,17.6
2021-11-01 21:50,0,0,0,0,0,0.023,0,0.000244911,16.83,90.5,0.455,0.316,17.57,0.455,0.316,17.57
2021-11-01 22:00,0,0,0,0,0,0.01,0,0.00018621,16.8,90.6,0.455,0.316,17.55,0.455,0.316,17.55
2021-11-01 22:10,0,0,0,0,0,0.009,0,0.000237158,16.73,90.5,0.454,0.316,17.52,0.454,0.316,17.52
2021-11-01 22:20,0,0,0,0,0,0.014,0,0.00020572,16.66,90.5,0.454,0.316,17.48,0.454,0.316,17.48
2021-11-01 22:30,0,0,0,0,0,0.023,0,0.000260587,16.59,90.7,0.454,0.316,17.43,0.454,0.316,17.43
2021-11-01 22:40,0,0,0,0,0,0.012,0,0.000174226,16.51,90.8,0.454,0.316,17.39,0.454,0.316,17.39
2021-11-01 22:50,0,0,0,0,0,0.014,0,0.000173431,16.49,91,0.454,0.316,17.36,0.454,0.316,17.35
2021-11-01 23:00,0,0,0,0,0,0.011,0,0.000200381,16.39,90.9,0.454,0.315,17.32,0.454,0.315,17.32
2021-11-01 23:10,0,0,0,0,0,0.015,0,0.000286742,16.32,90.8,0.453,0.315,17.27,0.453,0.315,17.27
2021-11-01 23:20,0,0,0,0,0.001,0.018,0,0.000337348,16.25,90.8,0.453,0.315,17.22,0.453,0.315,17.22
2021-11-01 23:30,0,0,0,0,0.001,0.032,0,0.000535315,16.17,91.1,0.453,0.315,17.18,0.453,0.315,17.18
2021-11-01 23:40,0,0,0,0,0,0.021,0,0.00029634,16.1,91.1,0.453,0.315,17.13,0.453,0.315,17.13
2021-11-01 23:50,0,0,0,0,0.001,0.013,0,0.000344618,16.04,91.3,0.453,0.315,17.09,0.453,0.315,17.09
2021-11-02 0:00,0,0,0,0,0.001,0.025,0,0.000386961,15.98,91.4,0.453,0.315,17.04,0.453,0.315,17.04
2021-11-02 0:10,0,0,0,0,0,0.007,0,0.000116236,15.92,91.1,0.453,0.315,17,0.453,0.315,17
2021-11-02 0:20,0,0,0,0,0.001,0.031,0,0.000369638,15.84,91.2,0.452,0.315,16.96,0.452,0.315,16.96
2021-11-02 0:30,0,0,0,0,0,0.017,0,0.00018107,15.78,91.3,0.452,0.315,16.91,0.452,0.315,16.91
2021-11-02 0:40,0,0,0,0,0,0.012,0,0.000134184,15.69,91.4,0.452,0.315,16.87,0.452,0.315,16.87
2021-11-02 0:50,0,0,0,0,0,0.011,0,0.000127936,15.62,91.5,0.452,0.315,16.82,0.452,0.315,16.82
2021-11-02 1:00,0,0,0,0,0,0.02,0,0.000160027,15.55,91.3,0.452,0.314,16.78,0.452,0.314,16.78
2021-11-02 1:10,0,0,0,0,0,0.006,0,5.52E-05,15.49,91.5,0.452,0.314,16.74,0.452,0.314,16.74
2021-11-02 1:20,0,0,0,0,0,0.007,0,0.000162668,15.41,91.4,0.452,0.314,16.69,0.452,0.315,16.7
2021-11-02 1:30,0,0,0,0,0,0.01,0,0.000177492,15.34,91.2,0.452,0.314,16.65,0.452,0.314,16.65
2021-11-02 1:40,0,0,0,0,0,0.012,0,0.000299691,15.23,91,0.452,0.314,16.57,0.452,0.314,16.57
2021-11-02 1:50,0,0,0,0,0.001,0.013,0,0.000387414,15.09,91,0.452,0.314,16.5,0.452,0.314,16.49
2021-11-02 2:00,0,0,0,0,0,0.022,0,0.000213132,15.02,91.5,0.451,0.314,16.44,0.451,0.314,16.44
2021-11-02 2:10,0,0,0,0,0,0.025,0,0.000226423,14.97,91.3,0.451,0.314,16.39,0.451,0.314,16.39
2021-11-02 2:20,0,0,0,0,0.001,0.036,0,0.000305144,14.88,91.3,0.451,0.314,16.33,0.451,0.314,16.33
2021-11-02 2:30,0,0,0,0,0,0.02,0,0.000246046,14.75,91.1,0.451,0.314,16.27,0.451,0.314,16.27
2021-11-02 2:40,0,0,0,0,0,0.012,0,0.000266805,14.67,91.6,0.451,0.314,16.21,0.451,0.314,16.21
2021-11-02 2:50,0,0,0,0,0,0.017,0,0.000250675,14.61,91.8,0.451,0.314,16.16,0.451,0.314,16.16
2021-11-02 3:00,0,0,0,0,0,0.011,0,0.000106807,14.59,91.7,0.451,0.314,16.13,0.451,0.314,16.12
2021-11-02 3:10,0,0,0,0,0,0.009,0,0.00013424,14.53,91.7,0.451,0.314,16.08,0.451,0.314,16.08
2021-11-02 3:20,0,0,0,0,0,0.014,0,0.000143726,14.49,92,0.451,0.313,16.04,0.45,0.313,16.04
2021-11-02 3:30,0,0,0,0,0.001,0.027,0,0.000369722,14.46,92.1,0.45,0.313,16.01,0.45,0.313,16.01
2021-11-02 3:40,0,0,0,0,0,0.009,0,0.00014773,14.44,91.6,0.45,0.313,15.98,0.45,0.313,15.98
2021-11-02 3:50,0,0,0,0,0.001,0.021,0,0.000348934,14.36,91.8,0.45,0.313,15.94,0.45,0.313,15.94
2021-11-02 4:00,0,0,0,0,0,0.02,0,0.000226451,14.29,91.6,0.45,0.313,15.9,0.45,0.313,15.9
2021-11-02 4:10,0,0,0,0,0,0.027,0,0.000235084,14.2,91.5,0.45,0.313,15.84,0.45,0.313,15.84
2021-11-02 4:20,0,0,0,0,0,0.016,0,0.000173573,14.12,92,0.45,0.313,15.79,0.45,0.313,15.79
2021-11-02 4:30,0,0,0,0,0.001,0.02,0,0.000337404,14.09,92,0.45,0.313,15.74,0.45,0.313,15.75
2021-11-02 4:40,0,0,0,0,0,0.004,0,3.00E-05,14,91.9,0.45,0.313,15.7,0.45,0.313,15.7
2021-11-02 4:50,0,0,0,0,0,0.016,0,0.000121148,13.93,91.6,0.45,0.313,15.64,0.45,0.312,15.64
2021-11-02 5:00,0,0,0,0,0,0.011,0,0.000225002,13.85,91.3,0.45,0.312,15.58,0.45,0.312,15.58
2021-11-02 5:10,0,0,0,0,0,0.011,0,0.000150286,13.77,91.1,0.45,0.312,15.51,0.45,0.312,15.51
2021-11-02 5:20,0,0,0,0,0,0.011,0,0.000198478,13.64,91.3,0.45,0.312,15.44,0.45,0.312,15.44
2021-11-02 5:30,0,0,0,0,0.001,0.025,0,0.000355096,13.54,91.4,0.449,0.312,15.37,0.449,0.312,15.37
2021-11-02 5:40,0,0,0,0,0,0.014,0,0.00013069,13.5,91.2,0.449,0.312,15.32,0.449,0.312,15.32
2021-11-02 5:50,0,0,0,0,0,0.012,0,0.000186778,13.43,91.2,0.449,0.312,15.26,0.449,0.312,15.26
2021-11-02 6:00,0,0,0,0,0.001,0.019,0,0.000360265,13.35,91.5,0.449,0.311,15.21,0.449,0.312,15.21
2021-11-02 6:10,0,0,0,0,0,0.021,0,0.000216312,13.29,91.5,0.449,0.311,15.16,0.449,0.312,15.16
2021-11-02 6:20,0,0,0,0,0,0.01,0,0.000111635,13.24,91.4,0.449,0.311,15.12,0.449,0.311,15.12
2021-11-02 6:30,0,0,0,0,0.001,0.028,0,0.000412915,13.17,91.5,0.449,0.311,15.07,0.449,0.311,15.07
2021-11-02 6:40,0,0,0,0,0.005,0.048,0,0.002910342,13.1,91.3,0.449,0.311,15.02,0.449,0.311,15.02
2021-11-02 6:50,0,0,0,0,0.056,0.133,0.003,0.0337069,13.03,91.5,0.449,0.311,14.97,0.449,0.311,14.97
2021-11-02 7:00,0,0,0,0,0.193,0.302,0.101,0.1155099,12.98,91.6,0.449,0.311,14.93,0.449,0.311,14.93
2021-11-02 7:10,3.614,7.948,0,0.002168165,11.36,24.01,0.287,6.817166,12.97,91.6,0.449,0.311,14.9,0.449,0.311,14.9
2021-11-02 7:20,10.39,12.97,8,0.006233444,31.37,39.35,24.09,18.82065,12.77,84,0.449,0.311,14.8,0.449,0.311,14.8
2021-11-02 7:30,15.68,18.4,13.01,0.009407018,47.62,55.77,39.48,28.57153,12.33,84.3,0.449,0.311,14.64,0.449,0.31,14.64
2021-11-02 7:40,21,23.63,18.41,0.01260066,63.88,72.14,55.9,38.32638,12.24,85.4,0.449,0.31,14.63,0.449,0.31,14.63
2021-11-02 7:50,29.75,39.63,23.68,0.01784885,82.9,97.7,72.28,49.76051,12.32,87,0.449,0.31,14.73,0.449,0.31,14.73
2021-11-02 8:00,60,75.31,39.74,0.03600147,122.4,147.1,97.9,73.43217,12.65,88.1,0.448,0.31,14.92,0.448,0.31,14.92
2021-11-02 8:10,83.7,92.8,75.43,0.05024041,164.5,183.3,147.4,98.67566,13.42,87.7,0.448,0.31,15.31,0.448,0.31,15.31
2021-11-02 8:20,101.8,109.9,92.8,0.06107937,204.7,224.9,183.3,122.8381,14.45,68.54,0.448,0.31,15.84,0.448,0.31,15.84
2021-11-02 8:30,119.8,129.3,110.2,0.07190719,249.5,273.4,225.3,149.7052,14.75,67.94,0.448,0.31,16.24,0.448,0.31,16.24
2021-11-02 8:40,138.6,150,128.9,0.08318722,291.4,310.6,272.5,174.8321,14.77,66.87,0.448,0.31,16.57,0.448,0.31,16.57
2021-11-02 8:50,160.9,175,150.3,0.09651466,327.3,338.8,311,196.3904,15.25,63.54,0.448,0.31,16.93,0.448,0.31,16.93
2021-11-02 9:00,171.2,175.8,166.6,0.1027395,351.5,379.3,337.6,210.8891,15.72,61.42,0.448,0.31,17.33,0.448,0.31,17.33
2021-11-02 9:10,180.1,195.5,170.6,0.1080613,403.9,460.6,379.9,242.3111,16.04,58.57,0.448,0.31,17.81,0.448,0.31,17.81
2021-11-02 9:20,200.6,228.1,177.1,0.1203397,461.6,492.1,415.5,276.9505,16.47,58.95,0.448,0.31,18.43,0.448,0.31,18.43
2021-11-02 9:30,203.7,253.1,161.8,0.1222307,493.6,522.2,445.2,296.1315,16.8,55.75,0.448,0.31,19.15,0.448,0.31,19.16
2021-11-02 9:40,231.3,258.8,174.6,0.1387614,524.9,546.1,511.7,314.9196,17.22,55.06,0.448,0.31,19.78,0.448,0.31,19.78
2021-11-02 9:50,259.3,282.9,206.4,0.1555781,552.6,607.6,459.8,331.5494,17.51,54.21,0.448,0.31,20.38,0.448,0.31,20.38
2021-11-02 10:00,254.8,344.5,91.4,0.1528731,488.9,626.6,254.8,293.3383,18.28,49.53,0.448,0.311,21.02,0.448,0.311,21.02
2021-11-02 10:10,232.3,357.6,96.5,0.1394054,475.5,662.7,265.6,285.315,18.33,50.21,0.448,0.311,21.34,0.448,0.311,21.34
2021-11-02 10:20,187.5,353.3,83.7,0.1124823,404.4,664.8,224.6,242.6436,18.05,50.43,0.448,0.311,21.13,0.448,0.311,21.13
2021-11-02 10:30,215.8,377.1,64.77,0.129482,465.4,771.6,191.2,279.227,17.69,47.74,0.448,0.311,20.73,0.448,0.311,20.73
2021-11-02 10:40,285.1,375.2,73.56,0.171069,586,778.4,220.9,351.5746,18.31,44.08,0.448,0.311,21.25,0.448,0.311,21.25
2021-11-02 10:50,302.6,402,107.4,0.1815746,573.9,806,289.7,344.312,18.52,45.32,0.448,0.311,21.67,0.448,0.311,21.67
2021-11-02 11:00,282.3,404.9,103.7,0.1694022,602.8,812,293.2,361.6901,19.1,42.29,0.448,0.311,21.97,0.448,0.311,21.97
2021-11-02 11:10,258.5,392.1,90,0.155128,619.5,827,262.6,371.7262,19.18,43.97,0.448,0.312,22.04,0.448,0.312,22.04
2021-11-02 11:20,293.4,365.7,87.3,0.1760251,727.3,825,269.6,436.4066,19.4,40.86,0.447,0.312,22.2,0.447,0.312,22.2
2021-11-02 11:30,271.6,349.9,189,0.1629334,625,673.8,490.7,374.9713,20.54,39.4,0.447,0.312,22.87,0.447,0.312,22.87
2021-11-02 11:40,250.1,389.7,87.2,0.1500797,597.4,824,259.1,358.4683,20.86,36.68,0.447,0.312,23.03,0.447,0.312,23.03
2021-11-02 11:50,361.9,423.4,152.7,0.2171112,787.7,850,340.7,472.5969,20.26,39.8,0.447,0.312,22.77,0.448,0.312,22.77
2021-11-02 12:00,207.5,419.5,87,0.1245045,463.7,831,250.2,278.1972,19.94,43.01,0.447,0.312,22.33,0.447,0.312,22.33
2021-11-02 12:10,412.8,431.9,328.6,0.2476648,747.9,827,520.5,448.7626,20.37,39.04,0.447,0.312,22.13,0.447,0.312,22.13
2021-11-02 12:20,359.8,462.5,220.4,0.215862,804,840,740.4,482.4529,20.65,37.13,0.447,0.312,22.3,0.447,0.312,22.3
2021-11-02 12:30,453.7,474.1,375.1,0.2722126,755.3,866,566.6,453.177,20.88,38.47,0.447,0.312,22.38,0.447,0.312,22.38
2021-11-02 12:40,359.1,459.7,205.1,0.2154397,815,934,556.3,489.1615,21.43,35.57,0.447,0.312,22.52,0.447,0.312,22.52
2021-11-02 12:50,435.9,453.9,407,0.2615682,806,924,545.5,483.7021,21.69,35.39,0.447,0.312,22.68,0.447,0.312,22.68
2021-11-02 13:00,397.4,425.8,316.9,0.2384524,785.7,845,627.1,471.4394,21.66,36.46,0.447,0.313,22.73,0.447,0.313,22.73
2021-11-02 13:10,368.5,393.7,299.7,0.221117,743.9,782.2,630.6,446.3633,22.05,34.33,0.447,0.313,22.82,0.447,0.313,22.82
2021-11-02 13:20,281.6,336.2,186.6,0.1689603,624.4,731.6,432.2,374.6321,21.82,35.02,0.447,0.313,22.8,0.447,0.313,22.8
2021-11-02 13:30,320.8,356.3,218.2,0.192453,649.1,746.6,422.8,389.4707,21.86,34.25,0.447,0.313,22.77,0.447,0.313,22.77
2021-11-02 13:40,298.8,336.8,229.8,0.1792529,624.1,680.4,465.8,374.4765,22.28,34.86,0.447,0.313,22.79,0.447,0.313,22.79
2021-11-02 13:50,314.1,337.9,224.4,0.1884489,603.2,657.2,430.4,361.9171,22.54,33.91,0.447,0.313,22.83,0.447,0.313,22.83
2021-11-02 14:00,262.7,309.2,188,0.1576008,527.4,581.1,370.9,316.4699,22.06,34.66,0.447,0.313,22.78,0.447,0.313,22.78
2021-11-02 14:10,280,301.5,205.8,0.1680199,555.6,606.4,413.1,333.3874,21.92,35.65,0.447,0.313,22.73,0.447,0.313,22.73
2021-11-02 14:20,271.4,287.7,243,0.1628233,487.8,570.4,406.2,292.6525,21.93,35.5,0.447,0.313,22.76,0.447,0.313,22.76
2021-11-02 14:30,207.3,255.8,154.6,0.1243788,437.5,480.6,353.8,262.4891,22.13,31.95,0.447,0.313,22.84,0.447,0.313,22.84
2021-11-02 14:40,188,219,120.9,0.1127887,390.2,471.5,268.2,234.1169,22.04,34.73,0.447,0.313,22.83,0.447,0.313,22.83
2021-11-02 14:50,205,218.3,178.3,0.1230209,421.7,455,342.8,253.0498,21.75,34.64,0.446,0.314,22.8,0.446,0.314,22.8
2021-11-02 15:00,184.2,207.2,147.8,0.1105286,385.3,437.3,342.5,231.173,21.35,35.54,0.446,0.314,22.71,0.446,0.314,22.71
2021-11-02 15:10,181.2,190.1,172.4,0.1086927,333.2,358.2,314,199.9329,21.09,36.31,0.447,0.314,22.54,0.447,0.314,22.55
2021-11-02 15:20,149,178.1,106.6,0.08940063,274.6,322.5,234.1,164.7494,21.01,36.68,0.446,0.314,22.38,0.446,0.314,22.38
2021-11-02 15:30,131.5,152,98.7,0.07892445,217.7,233.7,205,130.6445,21.1,36.57,0.446,0.314,22.16,0.446,0.314,22.16
2021-11-02 15:40,108,120.7,86.9,0.06477662,193.1,204.5,184.9,115.8478,20.92,35.7,0.446,0.314,22.03,0.446,0.314,22.03
2021-11-02 15:50,81.6,92.6,68.22,0.0489684,165.5,184.6,138,99.32575,20.71,37.19,0.446,0.314,21.89,0.446,0.314,21.89
2021-11-02 16:00,65.78,71.51,59.94,0.03946753,144.2,148.1,139.9,86.5399,19.93,37.71,0.446,0.314,21.56,0.446,0.314,21.56
2021-11-02 16:10,56.62,64.72,48.5,0.03396962,131.4,147.9,115.9,78.83842,19.76,38.32,0.446,0.314,21.24,0.446,0.314,21.23
2021-11-02 16:20,45,50.09,37.91,0.02699979,106.8,115.5,94.3,64.10256,19.33,39.1,0.446,0.314,20.86,0.446,0.314,20.86
2021-11-02 16:30,33.74,38.11,28.31,0.02024212,83.2,94.3,71.32,49.92698,19.05,41.29,0.446,0.315,20.52,0.446,0.314,20.51
2021-11-02 16:40,24.77,28.26,20.76,0.01486157,62,71.15,53.07,37.19933,18.64,41.94,0.446,0.315,20.15,0.446,0.315,20.15
2021-11-02 16:50,17.79,20.65,16.13,0.01067594,45.13,52.93,40.62,27.07961,18.28,42.65,0.446,0.315,19.77,0.446,0.315,19.78
2021-11-02 17:00,14.81,16.4,12.82,0.008884823,36.06,40.58,31.02,21.63618,18.03,41.74,0.446,0.314,19.46,0.446,0.314,19.46
2021-11-02 17:10,10.46,12.77,7.958,0.006278464,25.53,30.94,19.7,15.31778,17.84,44.4,0.446,0.314,19.2,0.446,0.314,19.2
2021-11-02 17:20,5.311,7.919,2.713,0.003186657,14.13,19.6,9.08,8.478949,17.54,46.87,0.446,0.314,18.93,0.446,0.314,18.93
2021-11-02 17:30,1.204,2.661,0.208,0.000722128,5.768,9.01,3.42,3.460637,17.25,47.76,0.446,0.315,18.63,0.446,0.314,18.63
2021-11-02 17:40,0.028,0.203,0,1.71E-05,1.865,3.361,0.78,1.118908,16.86,47.33,0.446,0.314,18.33,0.446,0.315,18.33
2021-11-02 17:50,0,0,0,0,0.354,0.762,0.118,0.2122267,16.6,49.24,0.446,0.314,18.07,0.446,0.314,18.07
2021-11-02 18:00,0,0,0,0,0.074,0.142,0.023,0.04446069,16.45,58.46,0.446,0.314,17.87,0.446,0.314,17.87
2021-11-02 18:10,0.008,0.079,0,5.06E-06,0.033,0.087,0,0.0197277,16.41,65.35,0.446,0.314,17.77,0.446,0.314,17.77
2021-11-02 18:20,0.118,0.173,0.064,7.09E-05,0.02,0.046,0,0.01202828,16.61,68.43,0.446,0.315,17.79,0.446,0.315,17.79
2021-11-02 18:30,0.059,0.125,0,3.55E-05,0.017,0.054,0,0.009958396,16.89,71.63,0.446,0.314,17.83,0.446,0.314,17.83
2021-11-02 18:40,0,0,0,0,0.013,0.036,0,0.007763516,17.08,73.87,0.446,0.314,17.86,0.446,0.314,17.86
2021-11-02 18:50,0,0,0,0,0.011,0.041,0,0.006834329,17.17,76.03,0.446,0.314,17.88,0.446,0.314,17.88
2021-11-02 19:00,0,0,0,0,0.009,0.034,0,0.005460938,17.22,77.84,0.446,0.314,17.88,0.446,0.314,17.88
2021-11-02 19:10,0,0,0,0,0.007,0.034,0,0.004386584,17.22,79.57,0.446,0.314,17.87,0.446,0.314,17.87
2021-11-02 19:20,0,0,0,0,0.006,0.028,0,0.003341167,17.22,81,0.446,0.314,17.85,0.446,0.314,17.85
2021-11-02 19:30,0,0,0,0,0.005,0.03,0,0.003134428,17.15,82.6,0.446,0.314,17.83,0.446,0.314,17.83
2021-11-02 19:40,0,0,0,0,0.005,0.051,0,0.002758541,17.06,83.5,0.446,0.314,17.78,0.446,0.314,17.78
2021-11-02 19:50,0,0,0,0,0.004,0.038,0,0.002161996,16.93,85.1,0.445,0.314,17.73,0.445,0.314,17.73
2021-11-02 20:00,0,0,0,0,0.003,0.034,0,0.001759586,16.84,85.6,0.445,0.314,17.68,0.445,0.314,17.68
2021-11-02 20:10,0,0,0,0,0.003,0.032,0,0.001953266,16.73,85.9,0.445,0.314,17.62,0.445,0.314,17.62
2021-11-02 20:20,0,0,0,0,0.002,0.025,0,0.00149474,16.63,86.5,0.445,0.313,17.55,0.445,0.313,17.55
2021-11-02 20:30,0,0,0,0,0.003,0.031,0,0.001673991,16.49,87,0.445,0.313,17.48,0.445,0.313,17.48
2021-11-02 20:40,0,0,0,0,0.002,0.021,0,0.001282486,16.34,87.6,0.445,0.313,17.41,0.445,0.313,17.41
2021-11-02 20:50,0,0,0,0,0.001,0.03,0,0.000883428,16.25,87.9,0.445,0.313,17.35,0.445,0.313,17.35
2021-11-02 21:00,0,0,0,0,0.002,0.034,0,0.001441206,16.2,88.4,0.445,0.313,17.3,0.445,0.313,17.3
2021-11-02 21:10,0,0,0,0,0.002,0.019,0,0.000901148,16.09,88.5,0.445,0.313,17.25,0.445,0.313,17.25
2021-11-02 21:20,0,0,0,0,0.001,0.028,0,0.000800531,16.03,88.7,0.445,0.313,17.2,0.445,0.313,17.2
2021-11-02 21:30,0,0,0,0,0.002,0.026,0,0.000916994,15.94,88.8,0.445,0.313,17.14,0.445,0.313,17.14
2021-11-02 21:40,0,0,0,0,0.001,0.024,0,0.000576096,15.81,89.3,0.445,0.313,17.08,0.445,0.313,17.08
2021-11-02 21:50,0,0,0,0,0.002,0.038,0,0.001138645,15.73,89.3,0.445,0.313,17.02,0.445,0.313,17.02
2021-11-02 22:00,0,0,0,0,0.001,0.018,0,0.000578652,15.67,89.6,0.445,0.313,16.97,0.445,0.313,16.97
2021-11-02 22:10,0,0,0,0,0.001,0.026,0,0.000558545,15.64,89.7,0.445,0.313,16.94,0.445,0.313,16.94
2021-11-02 22:20,0,0,0,0,0.001,0.018,0,0.000601001,15.57,89.7,0.445,0.313,16.9,0.445,0.313,16.9
2021-11-02 22:30,0,0,0,0,0.001,0.02,0,0.000613582,15.5,89.6,0.445,0.313,16.84,0.445,0.313,16.85
2021-11-02 22:40,0,0,0,0,0.001,0.023,0,0.00089453,15.43,89.7,0.445,0.313,16.8,0.445,0.313,16.79
2021-11-02 22:50,0,0,0,0,0.001,0.022,0,0.000495557,15.37,89.7,0.445,0.313,16.74,0.445,0.313,16.75
2021-11-02 23:00,0,0,0,0,0.002,0.026,0,0.001060066,15.27,89.3,0.445,0.312,16.69,0.445,0.313,16.69
2021-11-02 23:10,0,0,0,0,0.001,0.019,0,0.000779969,15.17,89.6,0.444,0.312,16.62,0.445,0.312,16.62
2021-11-02 23:20,0,0,0,0,0.002,0.021,0,0.001039818,15.09,89.6,0.444,0.312,16.55,0.444,0.312,16.54
2021-11-02 23:30,0,0,0,0,0.002,0.022,0,0.000950561,14.98,89.9,0.444,0.312,16.49,0.444,0.312,16.48
2021-11-02 23:40,0,0,0,0,0.001,0.029,0,0.000889276,14.92,89.8,0.444,0.312,16.43,0.444,0.312,16.43
2021-11-02 23:50,0,0,0,0,0.002,0.028,0,0.000961777,14.81,89.6,0.444,0.312,16.37,0.444,0.312,16.37
2021-11-03 0:00,0,0,0,0,0.001,0.02,0,0.00059251,14.73,89.7,0.444,0.312,16.3,0.444,0.312,16.3
2021-11-03 0:10,0,0,0,0,0.001,0.025,0,0.000723059,14.64,89.7,0.444,0.312,16.24,0.444,0.312,16.24
2021-11-03 0:20,0,0,0,0,0.001,0.024,0,0.000458354,14.58,89.8,0.444,0.312,16.18,0.444,0.312,16.18
2021-11-03 0:30,0,0,0,0,0.001,0.016,0,0.000501974,14.49,89.9,0.444,0.312,16.12,0.444,0.312,16.12
2021-11-03 0:40,0,0,0,0,0.001,0.02,0,0.00071167,14.39,89.8,0.444,0.312,16.05,0.444,0.312,16.06
2021-11-03 0:50,0,0,0,0,0.001,0.024,0,0.000728908,14.25,89.9,0.444,0.311,15.99,0.444,0.311,15.99
2021-11-03 1:00,0,0,0,0,0.002,0.023,0,0.000908955,14.16,90,0.444,0.311,15.93,0.444,0.311,15.92
2021-11-03 1:10,0,0,0,0,0.001,0.032,0,0.000564337,14.08,90.1,0.444,0.311,15.88,0.444,0.311,15.88
2021-11-03 1:20,0,0,0,0,0.002,0.022,0,0.000908529,13.96,89.8,0.444,0.311,15.8,0.444,0.311,15.8
2021-11-03 1:30,0,0,0,0,0.001,0.024,0,0.00053449,13.89,90.2,0.444,0.311,15.73,0.444,0.311,15.74
2021-11-03 1:40,0,0,0,0,0.001,0.022,0,0.000538523,13.83,90.2,0.444,0.311,15.68,0.444,0.311,15.68
2021-11-03 1:50,0,0,0,0,0.001,0.02,0,0.00035166,13.78,90.3,0.444,0.31,15.63,0.444,0.311,15.63
2021-11-03 2:00,0,0,0,0,0.001,0.016,0,0.000460086,13.72,90.2,0.444,0.31,15.59,0.444,0.311,15.58
2021-11-03 2:10,0,0,0,0,0.001,0.022,0,0.000596285,13.62,90.5,0.444,0.31,15.54,0.444,0.31,15.54
2021-11-03 2:20,0,0,0,0,0.001,0.019,0,0.000406271,13.62,90.4,0.444,0.31,15.5,0.444,0.31,15.5
2021-11-03 2:30,0,0,0,0,0.001,0.019,0,0.000633971,13.56,90.1,0.444,0.31,15.44,0.444,0.31,15.44
2021-11-03 2:40,0,0,0,0,0.001,0.028,0,0.000597422,13.43,90,0.444,0.31,15.38,0.444,0.31,15.38
2021-11-03 2:50,0,0,0,0,0.001,0.017,0,0.000336637,13.33,90.2,0.444,0.31,15.32,0.444,0.31,15.32
2021-11-03 3:00,0,0,0,0,0.001,0.019,0,0.000431233,13.28,90.4,0.444,0.31,15.27,0.444,0.31,15.27
2021-11-03 3:10,0,0,0,0,0.001,0.02,0,0.000525033,13.23,90.6,0.443,0.31,15.23,0.443,0.309,15.23
2021-11-03 3:20,0,0,0,0,0.001,0.031,0,0.000477068,13.17,90.4,0.443,0.309,15.18,0.443,0.309,15.18
2021-11-03 3:30,0,0,0,0,0.001,0.021,0,0.000446341,13.11,91,0.443,0.309,15.14,0.443,0.309,15.14
2021-11-03 3:40,0,0,0,0,0,0.016,0,0.000248658,13.12,91,0.443,0.309,15.11,0.443,0.309,15.11
2021-11-03 3:50,0,0,0,0,0,0.013,0,0.000235737,13.1,91.1,0.443,0.309,15.07,0.443,0.309,15.07
2021-11-03 4:00,0,0,0,0,0.001,0.015,0,0.000442592,13.05,91,0.443,0.309,15.04,0.443,0.309,15.04
2021-11-03 4:10,0,0,0,0,0,0.016,0,0.000279981,13.01,91,0.443,0.309,15.01,0.443,0.309,15.01
2021-11-03 4:20,0,0,0,0,0,0.01,0,9.98E-05,12.97,91.2,0.443,0.309,14.97,0.443,0.309,14.97
2021-11-03 4:30,0,0,0,0,0.001,0.027,0,0.000328401,12.95,91,0.443,0.309,14.95,0.443,0.309,14.95
2021-11-03 4:40,0,0,0,0,0.001,0.017,0,0.000379973,12.91,91.2,0.443,0.308,14.92,0.443,0.308,14.92
2021-11-03 4:50,0,0,0,0,0.001,0.016,0,0.000634509,12.91,91.1,0.443,0.308,14.89,0.443,0.308,14.89
2021-11-03 5:00,0,0,0,0,0.001,0.015,0,0.000461533,12.84,90.9,0.443,0.308,14.85,0.443,0.308,14.86
2021-11-03 5:10,0,0,0,0,0.001,0.024,0,0.000411552,12.81,90.9,0.443,0.308,14.82,0.443,0.308,14.82
2021-11-03 5:20,0,0,0,0,0,0.021,0,0.000216653,12.77,90.9,0.443,0.308,14.78,0.443,0.308,14.78
2021-11-03 5:30,0,0,0,0,0.001,0.009,0,0.000320762,12.71,91.1,0.443,0.308,14.74,0.443,0.308,14.74
2021-11-03 5:40,0,0,0,0,0,0.013,0,0.000156249,12.65,91,0.443,0.308,14.71,0.443,0.308,14.71
2021-11-03 5:50,0,0,0,0,0,0.009,0,0.000181211,12.63,91.1,0.443,0.308,14.67,0.443,0.308,14.67
2021-11-03 6:00,0,0,0,0,0,0.01,0,0.000180047,12.6,91.2,0.443,0.307,14.64,0.443,0.307,14.64
2021-11-03 6:10,0,0,0,0,0,0.014,0,0.00020606,12.58,91.5,0.443,0.307,14.62,0.443,0.307,14.62
2021-11-03 6:20,0,0,0,0,0,0.017,0,0.000235168,12.53,91.3,0.443,0.307,14.59,0.443,0.307,14.59
2021-11-03 6:30,0,0,0,0,0,0.013,0,0.000166075,12.51,91.2,0.443,0.307,14.57,0.443,0.307,14.57
2021-11-03 6:40,0,0,0,0,0.003,0.037,0,0.001768804,12.47,91.2,0.443,0.307,14.54,0.443,0.307,14.54
2021-11-03 6:50,0,0,0,0,0.042,0.113,0,0.02541209,12.48,91.7,0.442,0.307,14.53,0.442,0.307,14.53
2021-11-03 7:00,0,0,0,0,0.149,0.239,0.056,0.08945551,12.46,91.6,0.443,0.307,14.53,0.442,0.307,14.53
2021-11-03 7:10,2.37,5.224,0,0.001422245,8.43,17.63,0.2,5.056986,12.47,91,0.442,0.307,14.51,0.442,0.306,14.52
2021-11-03 7:20,7.32,8.78,5.248,0.004392054,23.41,28.03,17.72,14.04805,12.22,83.6,0.442,0.306,14.36,0.442,0.306,14.37
2021-11-03 7:30,10.39,13.9,8.78,0.006232685,33.48,43.14,28.08,20.08666,11.78,82.1,0.442,0.306,14.1,0.442,0.306,14.09
2021-11-03 7:40,19.84,25.07,13.98,0.01190624,58.01,71.75,43.39,34.80869,11.55,84,0.442,0.306,14.01,0.442,0.306,14.01
2021-11-03 7:50,31.89,42.38,25.13,0.01913639,86.9,107.1,71.91,52.15512,11.5,86.5,0.442,0.306,14.11,0.442,0.306,14.11
2021-11-03 8:00,59.66,74.81,42.51,0.03579441,125.1,143.1,107.4,75.05315,11.93,87.8,0.442,0.306,14.39,0.442,0.306,14.38
2021-11-03 8:10,59.92,77.46,43.49,0.03595182,128.1,154.6,105.5,76.84229,12.62,87.1,0.442,0.306,14.77,0.442,0.306,14.78
2021-11-03 8:20,70.57,83.1,54.74,0.04234,149.6,166.5,127.7,89.73771,13.34,80.6,0.442,0.306,15.15,0.442,0.306,15.15
2021-11-03 8:30,107.4,123.1,69.59,0.06444893,223,253.6,157.3,133.7701,13.82,69.12,0.442,0.306,15.49,0.442,0.306,15.49
2021-11-03 8:40,124,131.5,101.4,0.07442268,257.6,271.3,217.9,154.5677,14.25,64.9,0.442,0.306,15.87,0.442,0.306,15.87
2021-11-03 8:50,141.8,161.4,93.4,0.08505183,294.5,325.1,212.6,176.7,14.22,65.44,0.442,0.306,16.09,0.442,0.306,16.09
2021-11-03 9:00,165.3,169.1,160.6,0.09920614,345.1,372.1,325.2,207.0369,14.96,61.84,0.442,0.306,16.4,0.442,0.306,16.4
2021-11-03 9:10,173.4,188.7,162.8,0.1040535,393.2,443.4,372.6,235.9186,15.38,58.2,0.442,0.306,16.85,0.442,0.306,16.86
2021-11-03 9:20,194.3,213,178.5,0.1166083,447.9,495.3,405.5,268.7126,15.57,58.92,0.442,0.306,17.4,0.442,0.306,17.4
2021-11-03 9:30,209.8,242.3,171.5,0.1258712,466,506.7,429.7,279.6097,16.16,57.63,0.442,0.306,18.07,0.442,0.306,18.07
2021-11-03 9:40,215.2,256.9,182.8,0.1291054,501,527.5,456.8,300.6118,16.59,54.76,0.442,0.306,18.65,0.442,0.306,18.65
2021-11-03 9:50,264.8,289.5,209.9,0.1588505,558,576.3,530.6,334.8237,17.35,50.87,0.442,0.306,19.32,0.442,0.306,19.32
2021-11-03 10:00,297.9,344.9,203.2,0.1787472,546.4,605.3,440.1,327.8557,18.21,46.96,0.442,0.306,20.11,0.442,0.306,20.11
2021-11-03 10:10,282.3,350.4,183,0.1693501,611.5,624.4,593.1,366.9156,18.41,48.62,0.442,0.306,20.84,0.442,0.306,20.84
2021-11-03 10:20,294.9,369.4,189.2,0.1769126,585,620.9,508.7,350.9761,18.88,46.5,0.442,0.306,21.41,0.442,0.306,21.41
2021-11-03 10:30,352.2,367.5,342.7,0.2113493,659.8,710.3,598.2,395.8948,19.35,45.52,0.442,0.306,21.94,0.442,0.306,21.94
2021-11-03 10:40,343,359,330.5,0.2057875,643.6,747.2,499.5,386.1457,19.87,43.94,0.442,0.306,22.42,0.442,0.306,22.42
2021-11-03 10:50,347.2,356.1,336.3,0.2082918,670.3,764.3,491.1,402.1642,20.23,43.48,0.442,0.307,22.8,0.442,0.307,22.81
2021-11-03 11:00,356.2,367.7,349.1,0.2137198,730,745.7,711.2,437.9973,20.42,43.99,0.442,0.307,23.11,0.442,0.307,23.11
2021-11-03 11:10,337.2,365.7,293.9,0.2023393,736.8,770.3,714.3,442.0931,20.96,42.67,0.442,0.307,23.44,0.442,0.307,23.44
2021-11-03 11:20,275,337.2,208.7,0.1649705,754.5,776.2,729.6,452.7264,21.39,41.88,0.442,0.307,23.62,0.442,0.307,23.62
2021-11-03 11:30,336.3,374.2,248,0.2018039,645.9,740.5,545.1,387.533,21.41,40.03,0.442,0.308,23.74,0.442,0.308,23.74
2021-11-03 11:40,231.5,272.8,215.1,0.138882,638.1,818,525,382.8745,22.08,39.41,0.442,0.308,23.78,0.442,0.308,23.78
2021-11-03 11:50,322.2,382.9,252.7,0.1933205,807,833,780.4,483.9502,21.77,41.07,0.442,0.308,23.55,0.442,0.308,23.55
2021-11-03 12:00,392.7,401,382.6,0.235643,798.7,834,751.3,479.2094,22.28,39.23,0.442,0.308,23.46,0.442,0.308,23.46
2021-11-03 12:10,399.9,414.9,382.7,0.2399179,761.9,839,625.9,457.1203,22.35,39.05,0.442,0.308,23.46,0.442,0.308,23.46
2021-11-03 12:20,361.2,463,220.7,0.2167441,797.7,839,758.4,478.6293,22.29,38.99,0.442,0.308,23.54,0.442,0.308,23.53
2021-11-03 12:30,440.2,471.1,312.1,0.2641133,740.8,872,541.3,444.4553,22.93,37.82,0.442,0.308,23.54,0.442,0.308,23.54
2021-11-03 12:40,363,466.8,214.7,0.2177948,826,917,561.5,495.7999,23.09,37.05,0.442,0.308,23.65,0.442,0.308,23.65
2021-11-03 12:50,387.4,464.7,58.69,0.2324553,734,928,191.2,440.379,23.05,36.95,0.442,0.309,23.62,0.442,0.309,23.62
2021-11-03 13:00,411,442.3,344.6,0.2466075,862,928,820,517.1115,22.69,35.78,0.442,0.309,23.42,0.442,0.309,23.42
2021-11-03 13:10,327.9,406.8,81.4,0.1967266,644.5,823,214.8,386.7241,22.99,36.52,0.442,0.309,23.47,0.442,0.309,23.47
2021-11-03 13:20,199.1,371.5,55.09,0.1194512,443.2,727.7,164.8,265.9457,21.89,38.23,0.442,0.309,23.16,0.442,0.309,23.16
2021-11-03 13:30,271.6,358.3,47.31,0.1629338,585.6,773,142.3,351.3395,21.73,36.17,0.442,0.309,22.85,0.442,0.309,22.85
2021-11-03 13:40,306.1,359,57.47,0.1836659,679.3,762.7,168.9,407.5558,21.68,37.33,0.442,0.309,22.69,0.442,0.309,22.7
2021-11-03 13:50,165.5,343,39.39,0.0992806,363.3,706.9,124.4,217.9756,21.5,39.63,0.442,0.309,22.66,0.442,0.309,22.66
2021-11-03 14:00,84.5,272.6,43.04,0.05070799,225,624,128.4,134.983,20.7,40.68,0.442,0.309,22.05,0.442,0.309,22.05
2021-11-03 14:10,197.4,318.7,44.53,0.1184124,412.5,632.2,138.3,247.4931,20.41,42.53,0.442,0.309,21.63,0.442,0.309,21.63
2021-11-03 14:20,202.8,310.8,52.22,0.1216635,370.1,593.9,157.2,222.0391,21.41,36.35,0.442,0.309,21.73,0.442,0.309,21.73
2021-11-03 14:30,205.9,274.9,46.49,0.1235267,442.7,505.8,152.2,265.6418,21.86,35.65,0.441,0.309,21.89,0.441,0.309,21.89
2021-11-03 14:40,231.3,258.8,167.2,0.1387887,424.6,474.1,384.8,254.7748,22.38,34.27,0.441,0.31,22.21,0.441,0.309,22.21
2021-11-03 14:50,197.5,217,161,0.1184914,378.7,436.4,275.3,227.1918,21.91,37.36,0.441,0.31,22.34,0.441,0.309,22.35
2021-11-03 15:00,164.4,187.5,128.3,0.09861513,356.4,382.7,330.9,213.8181,22.03,36.16,0.441,0.31,22.37,0.441,0.31,22.37
2021-11-03 15:10,161.4,169.9,154.5,0.09681863,317.5,358.2,273.4,190.5201,21.83,34.7,0.441,0.31,22.36,0.441,0.31,22.36
2021-11-03 15:20,136,160.2,103.7,0.08160619,264.9,309.8,230.5,158.9179,21.53,35.18,0.441,0.31,22.29,0.441,0.31,22.29
2021-11-03 15:30,136.6,153.8,99.3,0.08198426,226.9,243.3,209.8,136.1486,21.11,36.06,0.441,0.31,22.17,0.441,0.31,22.17
2021-11-03 15:40,109.6,123.7,90.6,0.06575605,193.4,209.7,176.9,116.0236,21.24,37.48,0.441,0.31,22.08,0.441,0.31,22.08
2021-11-03 15:50,84.1,91,73.18,0.05044817,165.8,177.5,149.6,99.479,21.11,35.52,0.441,0.31,21.96,0.441,0.31,21.96
2021-11-03 16:00,72.4,80.8,60.94,0.04344136,147.3,156.2,139.2,88.40066,20.85,33.82,0.441,0.31,21.79,0.441,0.31,21.79
2021-11-03 16:10,55.45,62.44,41.02,0.03326867,122.7,139.4,94.1,73.62337,20.62,34.76,0.441,0.31,21.5,0.441,0.31,21.5
2021-11-03 16:20,34.57,45.92,19.56,0.02073924,83.5,98,57.26,50.07489,20.25,35.29,0.441,0.31,21.15,0.441,0.31,21.15
2021-11-03 16:30,26.47,31.06,19.45,0.01587903,68.94,75.14,57.98,41.36683,19.96,36.08,0.441,0.31,20.73,0.441,0.31,20.73
2021-11-03 16:40,22.47,26.62,18.54,0.01348123,58.37,65.32,51.99,35.02031,19.36,37.84,0.441,0.31,20.3,0.441,0.31,20.3
2021-11-03 16:50,28.4,29.94,24.9,0.01703757,67.91,70.63,60.21,40.74376,19.12,38.8,0.441,0.31,20.04,0.441,0.31,20.04
2021-11-03 17:00,17.89,24.77,13.11,0.01073123,44.5,59.82,34.04,26.70246,18.95,38.99,0.441,0.31,19.85,0.441,0.31,19.86
2021-11-03 17:10,10.34,13.17,6.571,0.006206487,26.99,33.96,18.63,16.19641,18.71,39.62,0.441,0.31,19.58,0.441,0.31,19.58
2021-11-03 17:20,4.483,6.512,2.602,0.002689758,13.46,18.49,9.31,8.075868,18.25,42.17,0.441,0.31,19.26,0.441,0.31,19.26
2021-11-03 17:30,0.775,2.553,0,0.000465197,5.481,9.25,3.036,3.288462,17.75,44.2,0.441,0.31,18.91,0.441,0.31,18.91
2021-11-03 17:40,0,0,0,0,1.717,3.015,0.74,1.029976,17.27,46.25,0.441,0.31,18.56,0.441,0.31,18.56
2021-11-03 17:50,0,0,0,0,0.342,0.744,0.111,0.2052669,16.87,47.04,0.441,0.31,18.27,0.441,0.31,18.27
2021-11-03 18:00,0,0,0,0,0.074,0.145,0.028,0.04425457,16.56,56.21,0.441,0.31,18.02,0.441,0.31,18.02
2021-11-03 18:10,0,0,0,0,0.03,0.064,0,0.01814026,16.34,65.19,0.441,0.31,17.87,0.441,0.31,17.87
2021-11-03 18:20,0,0,0,0,0.017,0.05,0,0.01012773,16.43,68.5,0.441,0.31,17.85,0.441,0.31,17.84
2021-11-03 18:30,0,0,0,0,0.015,0.044,0,0.009046926,16.67,72.18,0.441,0.31,17.83,0.441,0.31,17.83
2021-11-03 18:40,0,0,0,0,0.011,0.038,0,0.006443939,16.83,74.14,0.441,0.309,17.82,0.441,0.309,17.82
2021-11-03 18:50,0,0,0,0,0.009,0.041,0,0.005266069,16.92,75.92,0.441,0.309,17.81,0.441,0.309,17.81
2021-11-03 19:00,0,0,0,0,0.007,0.035,0,0.004322605,16.97,77.93,0.441,0.309,17.78,0.441,0.309,17.78
2021-11-03 19:10,0,0,0,0,0.004,0.025,0,0.002551798,16.92,79.4,0.441,0.309,17.74,0.441,0.309,17.74
2021-11-03 19:20,0,0,0,0,0.003,0.024,0,0.001523365,16.84,81.2,0.441,0.309,17.68,0.441,0.309,17.68
2021-11-03 19:30,0,0,0,0,0.003,0.032,0,0.001742461,16.68,82.6,0.441,0.309,17.61,0.441,0.309,17.61
2021-11-03 19:40,0,0,0,0,0.003,0.033,0,0.001530237,16.55,83.9,0.441,0.309,17.54,0.441,0.309,17.54
2021-11-03 19:50,0,0,0,0,0.002,0.023,0,0.001147537,16.41,84.7,0.441,0.309,17.45,0.441,0.309,17.46
2021-11-03 20:00,0,0,0,0,0.002,0.025,0,0.001243865,16.3,85.3,0.441,0.309,17.37,0.441,0.309,17.37
2021-11-03 20:10,0,0,0,0,0.002,0.022,0,0.001123795,16.18,86,0.441,0.309,17.31,0.441,0.309,17.31
2021-11-03 20:20,0,0,0,0,0.002,0.023,0,0.000951101,16.06,86.8,0.441,0.308,17.23,0.441,0.308,17.23
2021-11-03 20:30,0,0,0,0,0.001,0.022,0,0.000777471,15.93,87.2,0.441,0.308,17.15,0.441,0.308,17.15
2021-11-03 20:40,0,0,0,0,0.002,0.032,0,0.00106586,15.82,87.5,0.441,0.308,17.07,0.441,0.308,17.07
2021-11-03 20:50,0,0,0,0,0.001,0.019,0,0.000859146,15.69,87.7,0.44,0.308,17.02,0.44,0.308,17.02
2021-11-03 21:00,0,0,0,0,0.002,0.022,0,0.001171929,15.6,87.9,0.44,0.308,16.93,0.44,0.308,16.93
2021-11-03 21:10,0,0,0,0,0.001,0.027,0,0.000615485,15.52,88.6,0.44,0.308,16.87,0.44,0.308,16.87
2021-11-03 21:20,0,0,0,0,0.001,0.02,0,0.000566611,15.49,89,0.44,0.308,16.83,0.44,0.308,16.83
2021-11-03 21:30,0,0,0,0,0.001,0.023,0,0.000526199,15.49,89.2,0.44,0.308,16.83,0.44,0.308,16.82
2021-11-03 21:40,0,0,0,0,0.001,0.022,0,0.000506064,15.49,89.2,0.44,0.308,16.81,0.44,0.308,16.81
2021-11-03 21:50,0,0,0,0,0.001,0.026,0,0.000531481,15.45,89.2,0.44,0.308,16.78,0.44,0.308,16.78
2021-11-03 22:00,0,0,0,0,0.001,0.019,0,0.000322637,15.43,89.3,0.44,0.308,16.75,0.44,0.308,16.75
2021-11-03 22:10,0,0,0,0,0,0.018,0,0.00029103,15.37,89.1,0.44,0.307,16.7,0.44,0.308,16.7
2021-11-03 22:20,0,0,0,0,0.001,0.013,0,0.000390936,15.29,88.9,0.44,0.307,16.66,0.44,0.307,16.66
2021-11-03 22:30,0,0,0,0,0.001,0.024,0,0.000579531,15.19,88.8,0.44,0.307,16.61,0.44,0.307,16.61
2021-11-03 22:40,0,0,0,0,0.001,0.018,0,0.000399086,15.09,88.6,0.44,0.307,16.55,0.44,0.307,16.55
2021-11-03 22:50,0,0,0,0,0.001,0.012,0,0.00044424,14.98,88.7,0.44,0.307,16.47,0.44,0.307,16.47
2021-11-03 23:00,0,0,0,0,0.001,0.016,0,0.000672679,14.88,88.8,0.44,0.307,16.39,0.44,0.307,16.39
2021-11-03 23:10,0,0,0,0,0.001,0.024,0,0.000798513,14.8,88.8,0.44,0.307,16.31,0.44,0.307,16.31
2021-11-03 23:20,0,0,0,0,0.001,0.034,0,0.000503565,14.69,89,0.44,0.307,16.24,0.44,0.307,16.24
2021-11-03 23:30,0,0,0,0,0.002,0.028,0,0.000938745,14.6,88.9,0.44,0.307,16.17,0.44,0.307,16.17
2021-11-03 23:40,0,0,0,0,0.001,0.024,0,0.000402153,14.46,89.3,0.44,0.307,16.1,0.44,0.307,16.1
2021-11-03 23:50,0,0,0,0,0.001,0.021,0,0.000531537,14.38,89.2,0.44,0.307,16.02,0.44,0.306,16.03
2021-11-04 0:00,0,0,0,0,0.001,0.019,0,0.000382984,14.27,89.4,0.44,0.307,15.96,0.44,0.306,15.96
2021-11-04 0:10,0,0,0,0,0.001,0.017,0,0.000473945,14.19,89.6,0.44,0.306,15.9,0.44,0.306,15.9
2021-11-04 0:20,0,0,0,0,0.001,0.019,0,0.000442309,14.09,89.6,0.439,0.306,15.84,0.439,0.306,15.84
2021-11-04 0:30,0,0,0,0,0.001,0.019,0,0.000527902,13.99,89.4,0.439,0.306,15.78,0.439,0.306,15.78
2021-11-04 0:40,0,0,0,0,0.001,0.015,0,0.00033942,13.91,89.4,0.439,0.306,15.71,0.439,0.306,15.71
2021-11-04 0:50,0,0,0,0,0.001,0.017,0,0.000393264,13.83,89.5,0.439,0.306,15.65,0.439,0.305,15.64
2021-11-04 1:00,0,0,0,0,0.001,0.021,0,0.000547696,13.73,89.5,0.439,0.305,15.58,0.439,0.305,15.58
2021-11-04 1:10,0,0,0,0,0.001,0.018,0,0.000367222,13.64,89.6,0.439,0.305,15.52,0.439,0.305,15.52
2021-11-04 1:20,0,0,0,0,0.001,0.021,0,0.000542811,13.57,89.5,0.439,0.305,15.45,0.439,0.305,15.45
2021-11-04 1:30,0,0,0,0,0.001,0.015,0,0.00053486,13.48,89.8,0.439,0.305,15.4,0.439,0.305,15.4
2021-11-04 1:40,0,0,0,0,0.001,0.019,0,0.000623747,13.42,90,0.439,0.305,15.35,0.439,0.305,15.35
2021-11-04 1:50,0,0,0,0,0.001,0.026,0,0.000546701,13.39,90.4,0.439,0.305,15.31,0.439,0.305,15.31
2021-11-04 2:00,0,0,0,0,0,0.014,0,0.000205407,13.34,90.1,0.439,0.305,15.27,0.439,0.305,15.27
2021-11-04 2:10,0,0,0,0,0.001,0.019,0,0.000471445,13.32,90.3,0.439,0.305,15.23,0.439,0.305,15.23
2021-11-04 2:20,0,0,0,0,0.001,0.013,0,0.000380485,13.27,90.1,0.439,0.305,15.2,0.439,0.305,15.2
2021-11-04 2:30,0,0,0,0,0.001,0.02,0,0.000390736,13.19,90.1,0.439,0.304,15.14,0.439,0.304,15.14
2021-11-04 2:40,0,0,0,0,0,0.014,0,0.000259733,13.12,90.1,0.439,0.304,15.08,0.439,0.304,15.08
2021-11-04 2:50,0,0,0,0,0.001,0.024,0,0.000401726,13.04,90.1,0.439,0.304,15.03,0.439,0.304,15.03
2021-11-04 3:00,0,0,0,0,0,0.008,0,8.67E-05,12.97,90.2,0.439,0.304,14.98,0.439,0.304,14.98
2021-11-04 3:10,0,0,0,0,0,0.023,0,0.000203533,12.9,90.4,0.439,0.304,14.94,0.439,0.304,14.94
2021-11-04 3:20,0,0,0,0,0.001,0.018,0,0.000349501,12.85,90.4,0.439,0.303,14.89,0.439,0.303,14.89
2021-11-04 3:30,0,0,0,0,0.001,0.019,0,0.000356289,12.83,90.6,0.439,0.303,14.86,0.439,0.303,14.86
2021-11-04 3:40,0,0,0,0,0,0.018,0,0.000250873,12.8,90.7,0.439,0.303,14.84,0.439,0.303,14.84
2021-11-04 3:50,0,0,0,0,0,0.019,0,0.00027788,12.77,90.7,0.439,0.303,14.82,0.439,0.303,14.82
2021-11-04 4:00,0,0,0,0,0,0.016,0,0.000174907,12.75,90.9,0.439,0.303,14.79,0.439,0.303,14.79
2021-11-04 4:10,0,0,0,0,0,0.022,0,0.000232073,12.76,90.9,0.439,0.303,14.77,0.439,0.303,14.77
2021-11-04 4:20,0,0,0,0,0,0.008,0,7.42E-05,12.73,91,0.439,0.303,14.74,0.439,0.303,14.74
2021-11-04 4:30,0,0,0,0,0.001,0.035,0,0.000382245,12.67,90.8,0.438,0.302,14.72,0.438,0.303,14.72
2021-11-04 4:40,0,0,0,0,0,0.009,0,7.25E-05,12.67,91,0.438,0.302,14.69,0.438,0.302,14.69
2021-11-04 4:50,0,0,0,0,0,0.007,0,4.10E-05,12.66,90.7,0.438,0.302,14.66,0.438,0.302,14.67
2021-11-04 5:00,0,0,0,0,0,0.028,0,0.000296311,12.62,90.9,0.438,0.302,14.63,0.438,0.302,14.63
2021-11-04 5:10,0,0,0,0,0.001,0.016,0,0.000315111,12.56,91,0.438,0.302,14.61,0.438,0.302,14.61
2021-11-04 5:20,0,0,0,0,0,0.019,0,0.000257546,12.55,90.9,0.438,0.302,14.58,0.438,0.302,14.58
2021-11-04 5:30,0,0,0,0,0,0.013,0,0.000138926,12.56,91,0.438,0.302,14.56,0.438,0.302,14.55
2021-11-04 5:40,0,0,0,0,0,0.011,0,7.50E-05,12.52,91,0.438,0.302,14.54,0.438,0.302,14.54
2021-11-04 5:50,0,0,0,0,0.001,0.017,0,0.000333058,12.47,90.9,0.438,0.301,14.51,0.438,0.301,14.51
2021-11-04 6:00,0,0,0,0,0,0.012,0,0.000172436,12.43,90.8,0.438,0.301,14.46,0.438,0.301,14.47
2021-11-04 6:10,0,0,0,0,0,0.013,0,0.000162639,12.44,91.3,0.438,0.301,14.45,0.438,0.301,14.45
2021-11-04 6:20,0,0,0,0,0,0.003,0,3.31E-05,12.43,91.4,0.438,0.301,14.44,0.438,0.301,14.44
2021-11-04 6:30,0,0,0,0,0.001,0.021,0,0.000439297,12.44,91.3,0.438,0.301,14.42,0.438,0.301,14.42
2021-11-04 6:40,0,0,0,0,0.002,0.023,0,0.001178994,12.37,91,0.438,0.301,14.39,0.438,0.301,14.39
2021-11-04 6:50,0,0,0,0,0.036,0.108,0,0.02179886,12.3,91.1,0.438,0.301,14.34,0.438,0.301,14.34
2021-11-04 7:00,0,0,0,0,0.156,0.254,0.054,0.09378068,12.24,91,0.438,0.3,14.31,0.438,0.3,14.31
2021-11-04 7:10,3.035,6.894,0,0.001821042,10.01,21.26,0.242,6.004843,12.2,91,0.438,0.3,14.27,0.438,0.3,14.28
2021-11-04 7:20,9.16,11.75,6.919,0.005493883,28.2,35.94,21.35,16.91972,11.94,83.3,0.438,0.3,14.15,0.438,0.3,14.15
2021-11-04 7:30,14.54,17.3,11.83,0.00872467,43.55,51.57,36.08,26.13189,11.55,83.7,0.438,0.3,13.9,0.438,0.3,13.9
2021-11-04 7:40,20.14,22.4,17.35,0.01208508,59.64,66.47,51.74,35.7868,11.35,85.3,0.438,0.3,13.78,0.438,0.3,13.78
2021-11-04 7:50,25.38,29.82,22.42,0.01522961,74.8,85.2,66.55,44.88206,11.38,86.3,0.438,0.299,13.81,0.438,0.3,13.81
2021-11-04 8:00,45.46,63.96,29.94,0.02727605,102.6,125.3,85.4,61.57401,11.67,87.8,0.438,0.299,14,0.438,0.299,14
2021-11-04 8:10,72.43,81.2,64.05,0.04346005,142.3,159.5,125.4,85.35968,12.3,88.3,0.438,0.299,14.38,0.438,0.299,14.38
2021-11-04 8:20,91.2,101.9,81.5,0.05469321,181.6,206.6,160.1,108.9744,13.25,79.2,0.438,0.299,14.9,0.437,0.299,14.9
2021-11-04 8:30,108.8,116.3,102,0.0653033,223.5,242.2,206.9,134.1263,13.91,64.11,0.438,0.299,15.34,0.437,0.299,15.34
2021-11-04 8:40,126.5,135.4,116.2,0.07590751,263.2,280.4,242,157.9102,13.27,69.23,0.437,0.299,15.58,0.437,0.299,15.57
2021-11-04 8:50,146.6,163.3,135.5,0.08797622,294.9,306.1,280.5,176.9222,14.11,64.9,0.437,0.299,15.89,0.437,0.299,15.89
2021-11-04 9:00,154.1,156.9,152.7,0.09247829,322.8,345.1,306.4,193.686,14.65,60.26,0.437,0.299,16.16,0.437,0.299,16.16
2021-11-04 9:10,170.2,183.9,156.7,0.1021383,376.1,435,344.5,225.6702,14.85,61.26,0.437,0.299,16.53,0.437,0.299,16.53
2021-11-04 9:20,190.5,215.2,175.1,0.1142731,430.1,465.5,382,258.0591,15.82,57.91,0.437,0.299,17.02,0.437,0.299,17.02
2021-11-04 9:30,214.4,256.9,167.5,0.1286139,468.3,493.1,437,280.9663,16.83,56.77,0.437,0.299,17.74,0.437,0.299,17.74
2021-11-04 9:40,196.9,247.3,173,0.1181242,500.2,527.2,484,300.1082,17,54.86,0.437,0.299,18.43,0.437,0.299,18.43
2021-11-04 9:50,248.1,268.8,184.8,0.1488828,547.9,571.3,523.8,328.7636,17.24,52.04,0.437,0.299,19.05,0.437,0.299,19.06
2021-11-04 10:00,304.6,337.4,203.9,0.1827405,556.1,621.8,443.6,333.6566,17.89,51.9,0.437,0.299,19.79,0.437,0.299,19.8
2021-11-04 10:10,281.3,341.9,183.7,0.1687613,620.6,639.6,609.6,372.3576,18.49,50,0.437,0.299,20.56,0.437,0.299,20.56
2021-11-04 10:20,288.5,347,184.7,0.1730929,581.3,629.8,497.4,348.7834,19.26,48.93,0.437,0.299,21.2,0.437,0.299,21.2
2021-11-04 10:30,354.9,358.8,347.4,0.2129533,662.7,730.9,554.9,397.5906,19.9,45.5,0.437,0.3,21.86,0.437,0.3,21.86
2021-11-04 10:40,342.9,360.1,330.8,0.2057497,634.1,754.1,485.3,380.4491,20.32,46.46,0.437,0.3,22.45,0.437,0.3,22.45
2021-11-04 10:50,343.9,355.2,332.6,0.2063255,664.2,742.9,486.6,398.495,20.36,46.53,0.437,0.3,22.88,0.437,0.3,22.89
2021-11-04 11:00,355.6,363.5,346.2,0.2133428,707.5,734,690.7,424.5264,21.03,43.03,0.437,0.3,23.29,0.437,0.3,23.29
2021-11-04 11:10,347.7,357.6,335.9,0.2085929,716.7,744.5,691.8,430.046,21.29,42.24,0.437,0.301,23.46,0.437,0.3,23.46
2021-11-04 11:20,276.4,341.9,204,0.1658394,729.8,761,699,437.8964,21.61,42.33,0.437,0.301,23.49,0.437,0.301,23.49
2021-11-04 11:30,338.1,369.9,301.1,0.2028773,726.4,776.4,621.9,435.8509,22.57,41.56,0.437,0.301,23.83,0.437,0.301,23.83
2021-11-04 11:40,267.7,357.1,216.1,0.1606366,578.9,674.8,518.8,347.3528,22.68,40,0.437,0.301,23.99,0.437,0.301,23.99
2021-11-04 11:50,252.7,345,214.5,0.1516424,768.5,798.5,675.1,461.093,22.72,39.01,0.437,0.301,23.97,0.437,0.301,23.97
2021-11-04 12:00,397.6,420.2,346,0.2385312,769.9,791.7,717.9,461.9557,23.48,37.6,0.437,0.301,24.01,0.437,0.301,24.01
2021-11-04 12:10,392.4,399.7,385.4,0.235468,752.3,812,606.1,451.401,23.4,34.77,0.437,0.302,23.92,0.437,0.302,23.92
2021-11-04 12:20,357.1,455.8,217,0.2142898,803,815,792.3,481.8454,23.89,34.52,0.437,0.302,23.96,0.437,0.302,23.96
2021-11-04 12:30,427.9,455.8,260.7,0.2567386,731.2,844,536.8,438.7289,24.09,33.11,0.437,0.302,23.92,0.437,0.302,23.92
2021-11-04 12:40,374.7,463.2,207.2,0.2248487,806,910,534.6,483.839,23.5,34.11,0.437,0.302,23.92,0.437,0.302,23.92
2021-11-04 12:50,431.8,445.1,417.4,0.2590633,842,906,541.8,504.9004,24.17,33.15,0.437,0.302,23.95,0.437,0.302,23.95
2021-11-04 13:00,397.4,417.6,346,0.2384115,813,856,678.6,487.5393,24.53,29.99,0.437,0.302,24.04,0.437,0.302,24.04
2021-11-04 13:10,374.8,391.2,317,0.2248937,750.8,782.2,685.3,450.4878,24.74,30.02,0.437,0.302,24.12,0.437,0.302,24.12
2021-11-04 13:20,307,357.3,204.7,0.1842039,627.9,738.9,514.7,376.7263,24.68,28.66,0.437,0.302,24.19,0.437,0.302,24.19
2021-11-04 13:30,318.3,346,250.1,0.1909813,640.3,700.8,528.9,384.1754,24.12,25.3,0.437,0.303,24.17,0.437,0.303,24.17
2021-11-04 13:40,298.6,321.2,234.1,0.1791325,654.8,689,552.2,392.9067,24.02,26.66,0.437,0.303,24.1,0.437,0.303,24.1
2021-11-04 13:50,268.7,306.9,51.7,0.1612463,548.7,638.8,166,329.2199,24.24,25.43,0.437,0.303,24.04,0.437,0.303,24.05
2021-11-04 14:00,141.6,269.9,49.6,0.0849387,307.1,528.6,158.1,184.2335,22.94,32.01,0.437,0.303,23.55,0.437,0.303,23.55
2021-11-04 14:10,271.3,280.9,249.6,0.162791,531.8,554.2,452.4,319.1064,22.93,30.86,0.437,0.303,23.19,0.437,0.303,23.19
2021-11-04 14:20,155.1,278.3,41.23,0.09308269,299.8,511.5,135.4,179.8763,23.43,31.05,0.437,0.303,23.15,0.437,0.303,23.15
2021-11-04 14:30,197.6,271.8,41.39,0.1185842,434.8,485.4,136.1,260.879,23.15,28.63,0.437,0.303,22.96,0.437,0.303,22.96
2021-11-04 14:40,222.8,238.3,173,0.1336915,396.4,432.5,368.4,237.841,23.65,30.75,0.437,0.303,23.08,0.437,0.303,23.08
2021-11-04 14:50,203.1,217.5,189,0.1218896,366.2,409.6,312.5,219.7264,23.63,30.14,0.437,0.303,23.18,0.437,0.303,23.18
2021-11-04 15:00,167.9,195.2,125.7,0.1007434,354.3,372,333.3,212.6003,23.32,29.3,0.437,0.303,23.14,0.437,0.303,23.14
2021-11-04 15:10,156.2,170.5,143.3,0.09369726,319.7,358.7,260.6,191.798,23.29,29.29,0.437,0.303,23.06,0.437,0.303,23.07
2021-11-04 15:20,128.8,155.8,100.2,0.07726463,267.6,321,184.7,160.5685,22.73,30.08,0.437,0.303,22.88,0.437,0.303,22.88
2021-11-04 15:30,118.7,143.9,90.6,0.07121447,206.2,235.1,175.7,123.7397,22.68,30.39,0.436,0.303,22.76,0.436,0.303,22.76
2021-11-04 15:40,98,112,79.88,0.05877732,178.6,191.2,160.9,107.1765,22.49,29.73,0.436,0.303,22.64,0.436,0.303,22.63
2021-11-04 15:50,75.32,81.8,63.43,0.04519044,148.1,161.6,138.4,88.85169,22.5,26.75,0.436,0.303,22.48,0.436,0.303,22.48
2021-11-04 16:00,64.41,70.3,53.88,0.03864868,132.6,138.4,125.1,79.55427,21.76,27.16,0.436,0.303,22.21,0.436,0.303,22.21
2021-11-04 16:10,51.1,57.53,42.64,0.03066026,112.1,127.2,101.5,67.28745,21.46,27.79,0.436,0.303,21.88,0.436,0.303,21.88
2021-11-04 16:20,39.42,49.39,34.5,0.02365261,92.4,101.3,82.9,55.44799,21.43,29.49,0.436,0.303,21.6,0.436,0.303,21.61
2021-11-04 16:30,29.92,34.8,26.25,0.01795193,75.37,82.7,68.4,45.22413,21.22,29.75,0.436,0.303,21.32,0.436,0.303,21.32
2021-11-04 16:40,23.55,26.32,20.38,0.01412719,61.7,68.31,55.28,37.02163,20.83,30.69,0.436,0.303,21.02,0.436,0.303,21.02
2021-11-04 16:50,17.37,20.37,14.59,0.01042097,48.07,55.17,41.14,28.8449,20.5,32.73,0.436,0.303,20.72,0.436,0.303,20.72
2021-11-04 17:00,11.74,14.63,8.66,0.007042955,34.56,41.07,28.13,20.73335,20.02,35.6,0.436,0.303,20.38,0.436,0.303,20.38
2021-11-04 17:10,6.632,8.67,4.927,0.003979149,22.54,28.07,17.37,13.52641,19.44,38.72,0.436,0.304,19.98,0.436,0.304,19.98
2021-11-04 17:20,2.682,4.866,1.008,0.001609457,12.45,17.25,8.34,7.470626,18.76,44.21,0.436,0.304,19.48,0.436,0.304,19.48
2021-11-04 17:30,0.266,0.992,0,0.000159346,5.55,8.27,3.136,3.330035,18.01,43.79,0.436,0.304,18.93,0.436,0.304,18.92
2021-11-04 17:40,0,0,0,0,1.649,3.1,0.665,0.9896168,17.17,47.45,0.436,0.304,18.39,0.436,0.304,18.39
2021-11-04 17:50,0,0,0,0,0.298,0.649,0.097,0.1785442,16.43,50.58,0.436,0.304,17.93,0.436,0.304,17.93
2021-11-04 18:00,0,0,0,0,0.071,0.118,0.022,0.04282715,15.93,61.8,0.436,0.304,17.58,0.436,0.304,17.58
2021-11-04 18:10,0,0.004,0,1.93E-08,0.031,0.08,0,0.01830048,15.79,67.04,0.436,0.304,17.44,0.436,0.304,17.44
2021-11-04 18:20,0.044,0.125,0,2.62E-05,0.019,0.054,0,0.01160627,16.04,70.98,0.436,0.303,17.48,0.436,0.303,17.48
2021-11-04 18:30,0,0,0,0,0.012,0.049,0,0.007265369,16.38,73.22,0.436,0.303,17.54,0.436,0.303,17.53
2021-11-04 18:40,0,0,0,0,0.01,0.037,0,0.005720697,16.56,75.39,0.436,0.303,17.57,0.436,0.303,17.58
2021-11-04 18:50,0,0,0,0,0.008,0.036,0,0.004859731,16.58,77.33,0.436,0.303,17.58,0.436,0.303,17.58
2021-11-04 19:00,0,0,0,0,0.007,0.033,0,0.004370306,16.6,79.83,0.436,0.303,17.56,0.436,0.303,17.56
2021-11-04 19:10,0,0,0,0,0.005,0.028,0,0.002856256,16.55,81.3,0.436,0.303,17.53,0.436,0.303,17.53
2021-11-04 19:20,0,0,0,0,0.005,0.033,0,0.003049057,16.49,82.8,0.436,0.302,17.48,0.436,0.302,17.48
2021-11-04 19:30,0,0,0,0,0.004,0.031,0,0.002255738,16.42,84.1,0.436,0.302,17.44,0.436,0.302,17.44
2021-11-04 19:40,0,0,0,0,0.003,0.027,0,0.001974646,16.35,85.1,0.436,0.302,17.4,0.436,0.302,17.4
2021-11-04 19:50,0,0,0,0,0.003,0.024,0,0.002045415,16.24,85.8,0.436,0.302,17.35,0.436,0.302,17.35
2021-11-04 20:00,0,0,0,0,0.002,0.027,0,0.001391337,16.18,86.5,0.436,0.302,17.3,0.436,0.302,17.3
2021-11-04 20:10,0,0,0,0,0.003,0.03,0,0.001578512,16.12,86.9,0.436,0.302,17.26,0.436,0.302,17.26
2021-11-04 20:20,0,0,0,0,0.001,0.025,0,0.000899443,16.04,87.3,0.436,0.302,17.21,0.436,0.302,17.21
2021-11-04 20:30,0,0,0,0,0.002,0.02,0,0.001062508,15.94,87.7,0.436,0.302,17.16,0.436,0.302,17.16
2021-11-04 20:40,0,0,0,0,0.001,0.014,0,0.000659588,15.88,87.9,0.436,0.301,17.11,0.436,0.301,17.11
2021-11-04 20:50,0,0,0,0,0.002,0.027,0,0.001049898,15.79,88.2,0.435,0.301,17.04,0.435,0.301,17.04
2021-11-04 21:00,0,0,0,0,0.002,0.03,0,0.001283875,15.7,88.2,0.435,0.301,16.98,0.435,0.301,16.98
2021-11-04 21:10,0,0,0,0,0.002,0.03,0,0.001286573,15.61,88.5,0.435,0.301,16.91,0.435,0.301,16.91
2021-11-04 21:20,0,0,0,0,0.002,0.026,0,0.001273992,15.53,88.6,0.435,0.301,16.86,0.435,0.301,16.86
2021-11-04 21:30,0,0,0,0,0.001,0.035,0,0.000797832,15.43,88.6,0.435,0.301,16.8,0.435,0.301,16.8
2021-11-04 21:40,0,0,0,0,0.002,0.021,0,0.001096728,15.31,88.5,0.435,0.301,16.72,0.435,0.301,16.72
2021-11-04 21:50,0,0,0,0,0.002,0.035,0,0.000900635,15.21,89,0.435,0.301,16.65,0.435,0.301,16.65
2021-11-04 22:00,0,0,0,0,0.001,0.015,0,0.000750463,15.11,89.2,0.435,0.301,16.59,0.435,0.301,16.59
2021-11-04 22:10,0,0,0,0,0.001,0.021,0,0.000810497,15.08,89,0.435,0.301,16.54,0.435,0.301,16.54
2021-11-04 22:20,0,0,0,0,0.001,0.016,0,0.000493511,15.01,89.5,0.435,0.3,16.48,0.435,0.3,16.48
2021-11-04 22:30,0,0,0,0,0.001,0.025,0,0.000897312,14.95,89.4,0.435,0.3,16.43,0.435,0.3,16.43
2021-11-04 22:40,0,0,0,0,0.001,0.014,0,0.000336155,14.92,89.8,0.435,0.3,16.39,0.435,0.3,16.39
2021-11-04 22:50,0,0,0,0,0.002,0.031,0,0.001081306,14.84,89.3,0.435,0.3,16.34,0.435,0.3,16.34
2021-11-04 23:00,0,0,0,0,0.001,0.028,0,0.000797433,14.75,89.3,0.435,0.3,16.28,0.435,0.3,16.28
2021-11-04 23:10,0,0,0,0,0.001,0.019,0,0.000560191,14.66,89.2,0.435,0.3,16.22,0.435,0.3,16.21
2021-11-04 23:20,0,0,0,0,0.001,0.017,0,0.000420555,14.56,89.3,0.435,0.3,16.16,0.435,0.3,16.16
2021-11-04 23:30,0,0,0,0,0.001,0.027,0,0.000658905,14.47,89.6,0.435,0.3,16.1,0.435,0.3,16.1
2021-11-04 23:40,0,0,0,0,0.001,0.02,0,0.000550507,14.4,89.9,0.435,0.299,16.05,0.435,0.3,16.05
2021-11-04 23:50,0,0,0,0,0.001,0.02,0,0.00056996,14.36,89.8,0.435,0.299,16,0.435,0.299,16
2021-11-05 0:00,0,0,0,0,0.001,0.023,0,0.000825348,14.32,89.9,0.435,0.299,15.95,0.435,0.299,15.96
2021-11-05 0:10,0,0,0,0,0.001,0.025,0,0.00043819,14.27,89.9,0.435,0.299,15.91,0.435,0.299,15.91
2021-11-05 0:20,0,0,0,0,0.001,0.012,0,0.000423366,14.21,89.8,0.435,0.299,15.86,0.435,0.299,15.86
2021-11-05 0:30,0,0,0,0,0.001,0.022,0,0.000488939,14.13,89.8,0.435,0.299,15.82,0.435,0.299,15.82
2021-11-05 0:40,0,0,0,0,0.001,0.032,0,0.000707039,14.08,89.7,0.434,0.299,15.77,0.435,0.299,15.77
2021-11-05 0:50,0,0,0,0,0.001,0.032,0,0.000415273,14,89.9,0.434,0.299,15.73,0.434,0.299,15.72
2021-11-05 1:00,0,0,0,0,0.001,0.01,0,0.000345781,13.96,90.2,0.435,0.298,15.68,0.434,0.299,15.68
2021-11-05 1:10,0,0,0,0,0.001,0.022,0,0.000341237,13.9,90.4,0.434,0.298,15.64,0.434,0.298,15.64
2021-11-05 1:20,0,0,0,0,0.001,0.013,0,0.000325107,13.86,90.2,0.434,0.298,15.6,0.434,0.298,15.6
2021-11-05 1:30,0,0,0,0,0,0.013,0,0.000260046,13.82,90.3,0.434,0.298,15.56,0.434,0.298,15.56
2021-11-05 1:40,0,0,0,0,0.001,0.015,0,0.00035342,13.8,90.5,0.434,0.298,15.54,0.434,0.298,15.54
2021-11-05 1:50,0,0,0,0,0.001,0.015,0,0.000415982,13.76,90.4,0.434,0.298,15.5,0.434,0.298,15.5
2021-11-05 2:00,0,0,0,0,0.001,0.016,0,0.000346832,13.69,90.4,0.434,0.298,15.47,0.434,0.298,15.47
2021-11-05 2:10,0,0,0,0,0.001,0.017,0,0.000358788,13.65,90.5,0.434,0.297,15.45,0.434,0.297,15.44
2021-11-05 2:20,0,0,0,0,0,0.007,0,0.00015517,13.6,90.5,0.434,0.297,15.4,0.434,0.297,15.4
2021-11-05 2:30,0,0,0,0,0,0.017,0,0.000253315,13.56,90.5,0.434,0.297,15.35,0.434,0.297,15.36
2021-11-05 2:40,0,0,0,0,0.001,0.024,0,0.000309488,13.52,90.5,0.434,0.297,15.31,0.434,0.297,15.32
2021-11-05 2:50,0,0,0,0,0,0.016,0,0.000249964,13.49,90.3,0.434,0.297,15.27,0.434,0.297,15.27
2021-11-05 3:00,0,0,0,0,0,0.008,0,0.000104365,13.39,90.4,0.434,0.297,15.22,0.434,0.297,15.22
2021-11-05 3:10,0,0,0,0,0,0.021,0,0.000186209,13.32,90.4,0.434,0.297,15.17,0.434,0.297,15.17
2021-11-05 3:20,0,0,0,0,0.001,0.018,0,0.000417572,13.25,90.5,0.434,0.296,15.12,0.434,0.296,15.12
2021-11-05 3:30,0,0,0,0,0,0.016,0,0.00028586,13.2,90.5,0.434,0.296,15.07,0.434,0.296,15.07
2021-11-05 3:40,0,0,0,0,0.001,0.025,0,0.000533154,13.13,90.5,0.434,0.296,15.02,0.434,0.296,15.02
2021-11-05 3:50,0,0,0,0,0,0.017,0,0.000187516,13.1,90.7,0.434,0.296,14.99,0.434,0.296,14.99
2021-11-05 4:00,0,0,0,0,0,0.022,0,0.000257802,13.05,90.8,0.434,0.296,14.96,0.434,0.296,14.96
2021-11-05 4:10,0,0,0,0,0.001,0.016,0,0.000333314,13.03,90.7,0.434,0.296,14.93,0.434,0.296,14.93
2021-11-05 4:20,0,0,0,0,0.001,0.019,0,0.000396131,12.98,90.7,0.434,0.296,14.88,0.434,0.296,14.88
2021-11-05 4:30,0,0,0,0,0.001,0.026,0,0.000530484,12.94,90.6,0.434,0.295,14.84,0.434,0.295,14.84
2021-11-05 4:40,0,0,0,0,0.001,0.029,0,0.000483173,12.87,90.5,0.434,0.295,14.8,0.434,0.295,14.8
2021-11-05 4:50,0,0,0,0,0.001,0.02,0,0.000405645,12.82,90.4,0.434,0.295,14.76,0.434,0.295,14.76
2021-11-05 5:00,0,0,0,0,0.001,0.019,0,0.000496208,12.77,90.6,0.434,0.295,14.71,0.434,0.295,14.71
2021-11-05 5:10,0,0,0,0,0.001,0.026,0,0.000644789,12.71,90.7,0.434,0.295,14.66,0.434,0.295,14.66
2021-11-05 5:20,0,0,0,0,0.001,0.016,0,0.000423309,12.66,90.5,0.434,0.295,14.61,0.434,0.295,14.61
2021-11-05 5:30,0,0,0,0,0.001,0.022,0,0.000374434,12.58,90.7,0.434,0.295,14.56,0.434,0.295,14.56
2021-11-05 5:40,0,0,0,0,0,0.011,0,0.000231192,12.51,90.6,0.434,0.295,14.51,0.434,0.295,14.51
2021-11-05 5:50,0,0,0,0,0.001,0.015,0,0.000417458,12.46,90.5,0.433,0.294,14.46,0.433,0.294,14.46
2021-11-05 6:00,0,0,0,0,0.001,0.019,0,0.000304773,12.38,90.4,0.433,0.294,14.43,0.433,0.294,14.43
2021-11-05 6:10,0,0,0,0,0.001,0.028,0,0.000685994,12.27,90.5,0.433,0.294,14.37,0.433,0.294,14.37
2021-11-05 6:20,0,0,0,0,0,0.01,0,0.000200068,12.19,90.5,0.433,0.294,14.31,0.433,0.294,14.31
2021-11-05 6:30,0,0,0,0,0.001,0.017,0,0.000309885,12.15,90.6,0.433,0.294,14.28,0.433,0.294,14.28
2021-11-05 6:40,0,0,0,0,0.003,0.04,0,0.001569699,12.14,90.8,0.433,0.294,14.23,0.433,0.294,14.23
2021-11-05 6:50,0,0,0,0,0.039,0.103,0,0.02355481,12.11,90.9,0.433,0.294,14.2,0.433,0.294,14.2
2021-11-05 7:00,0,0,0,0,0.155,0.261,0.063,0.09325846,12.06,90.8,0.433,0.293,14.18,0.433,0.293,14.18
2021-11-05 7:10,3.29,7.372,0,0.001973948,10.02,21.47,0.232,6.010995,12.02,90.4,0.433,0.293,14.15,0.433,0.293,14.15
2021-11-05 7:20,9.62,11.94,7.407,0.005774911,27.97,34.71,21.56,16.77924,11.76,82.9,0.433,0.293,14.03,0.433,0.293,14.03
2021-11-05 7:30,14.52,17.23,12.01,0.00871457,42.23,50.02,34.84,25.33524,11.42,83.2,0.433,0.293,13.85,0.433,0.293,13.84
2021-11-05 7:40,20.07,22.77,17.29,0.01204237,58.39,66.47,50.18,35.03622,11.28,84.2,0.433,0.293,13.85,0.433,0.293,13.85
2021-11-05 7:50,25.45,28.4,22.83,0.01526829,74.12,81.6,66.6,44.471,11.25,84.8,0.433,0.292,13.88,0.433,0.293,13.89
2021-11-05 8:00,41.42,61.01,28.47,0.02485142,96.6,117.5,81.7,57.94715,11.47,85.9,0.433,0.292,14.01,0.433,0.293,14.02
2021-11-05 8:10,68.73,75.28,45.67,0.04123565,135.3,147,117.9,81.19016,11.95,87.2,0.433,0.292,14.29,0.433,0.292,14.29
2021-11-05 8:20,84.6,105.2,47.36,0.05073329,171.6,207.7,127.6,102.9309,12.79,81.9,0.433,0.292,14.73,0.433,0.292,14.73
2021-11-05 8:30,90.9,109.4,54.74,0.05455643,188.3,217.1,137.4,112.9988,13.76,74.94,0.433,0.293,15.24,0.433,0.293,15.24
2021-11-05 8:40,80.4,106.8,44.51,0.04822039,177.3,220.2,116.3,106.3917,14.36,71.87,0.433,0.293,15.57,0.433,0.293,15.58
2021-11-05 8:50,129.4,151.7,94.6,0.07763432,265.4,304.7,202.5,159.2618,14.62,69.75,0.433,0.293,15.81,0.433,0.293,15.82
2021-11-05 9:00,157.6,163.2,151.9,0.09457719,326.2,349.3,305.2,195.6974,15.58,66.5,0.433,0.293,16.34,0.433,0.293,16.34
2021-11-05 9:10,167.1,183.8,157.5,0.1002852,369.9,388.1,348.6,221.9172,17.33,63.9,0.433,0.293,17.14,0.433,0.293,17.14
2021-11-05 9:20,185.7,208.8,150.7,0.111418,396.5,431.2,324.9,237.8807,18.54,51.15,0.433,0.293,17.97,0.433,0.293,17.97
2021-11-05 9:30,216.5,266.5,178.9,0.1299033,433.6,468.4,397.3,260.1636,18.19,52.9,0.433,0.293,18.28,0.433,0.293,18.28
2021-11-05 9:40,242.1,277.7,171.3,0.1452756,513.8,564.3,411.1,308.2751,17.45,52.25,0.433,0.293,18.68,0.433,0.293,18.69
2021-11-05 9:50,157.3,222.6,107.4,0.09440863,358.7,495.8,258.4,215.2286,17.37,52.44,0.433,0.293,18.89,0.433,0.293,18.88
2021-11-05 10:00,211.2,334.9,95.4,0.1267224,415.9,599.6,218,249.5604,17.26,53.42,0.433,0.293,18.79,0.433,0.293,18.79
2021-11-05 10:10,288.8,354.8,196.1,0.1733039,615.2,654.5,569.1,369.1375,17.61,51.25,0.432,0.293,19.4,0.432,0.292,19.4
2021-11-05 10:20,258.1,354.4,166.8,0.1548476,529.9,642.6,345.3,317.945,17.76,52.06,0.432,0.293,20.06,0.432,0.293,20.06
2021-11-05 10:30,263.7,335.8,181.2,0.1582016,523.5,664.5,367.9,314.1119,18.71,46.83,0.432,0.293,20.54,0.432,0.293,20.54
2021-11-05 10:40,279,332,100.8,0.1673768,506.5,640.7,235.8,303.907,18.94,47.91,0.432,0.293,20.7,0.432,0.293,20.7
2021-11-05 10:50,280.9,338.2,129.7,0.1685277,565.5,712.8,299.4,339.3201,18.97,47.44,0.432,0.293,21.07,0.432,0.293,21.07
2021-11-05 11:00,319.6,352,139.4,0.1917635,652.8,728.6,285.4,391.6839,19.65,45.79,0.432,0.293,21.52,0.432,0.293,21.52
2021-11-05 11:10,196.3,327.8,55.44,0.117772,421.9,674.1,142.5,253.1558,19.99,46.34,0.432,0.293,21.51,0.432,0.293,21.51
2021-11-05 11:20,163.9,315.7,77,0.09835541,402,760.5,186.5,241.2036,19.84,45.94,0.432,0.293,21.17,0.432,0.293,21.17
2021-11-05 11:30,250.2,337.7,145.6,0.1501425,584.1,809,343.9,350.4527,19.75,47.93,0.432,0.293,21.34,0.432,0.293,21.34
2021-11-05 11:40,294.5,332.8,237.8,0.176676,557.3,634.8,500.8,334.3708,20.19,42.7,0.432,0.293,21.54,0.432,0.293,21.54
2021-11-05 11:50,245.6,269.8,224.9,0.1473444,674,773.6,578.1,404.3961,20.97,42.02,0.432,0.293,21.9,0.432,0.293,21.9
2021-11-05 12:00,299.6,370.7,102.7,0.1797419,634.6,735.9,267.1,380.7444,21.55,39.44,0.432,0.294,22.04,0.432,0.294,22.03
2021-11-05 12:10,343.7,361.2,315.5,0.206195,660.3,702.9,582.9,396.1688,21.81,40.62,0.432,0.294,22.24,0.432,0.294,22.24
2021-11-05 12:20,300.1,378.5,215.3,0.1800747,667.5,720.4,608.7,400.4819,22.1,40.51,0.432,0.294,22.47,0.432,0.294,22.46
2021-11-05 12:30,339.2,389,186.2,0.2035452,636.1,730.9,484.1,381.6715,23.14,38.25,0.432,0.294,22.79,0.432,0.294,22.79
2021-11-05 12:40,321.6,389,167.8,0.1929704,651.2,755.9,503.5,390.709,22.8,39.49,0.432,0.294,22.84,0.432,0.294,22.83
2021-11-05 12:50,325.3,405.7,189.8,0.1951559,633.8,767,409.4,380.298,23.13,39.28,0.432,0.294,22.91,0.432,0.294,22.91
2021-11-05 13:00,289.8,328.5,234.6,0.1738917,606.5,689.6,481,363.8991,22.02,42.35,0.432,0.294,22.64,0.432,0.294,22.65
2021-11-05 13:10,309.5,345.7,266.3,0.1857043,636.8,715.3,559.5,382.056,22.5,40.1,0.432,0.294,22.64,0.432,0.294,22.64
2021-11-05 13:20,261.6,328.1,138.3,0.1569691,545.2,692.8,375.2,327.1215,22.89,41.1,0.432,0.294,22.8,0.432,0.294,22.8
2021-11-05 13:30,280.3,314.5,235,0.1681539,571.8,647.5,482.8,343.0591,23.08,39.46,0.432,0.294,22.98,0.432,0.294,22.98
2021-11-05 13:40,255.1,288.9,208,0.1530329,532.3,576,463.1,319.3572,22.94,42.18,0.432,0.295,23.04,0.432,0.294,23.04
2021-11-05 13:50,247.7,288.1,192.4,0.1485981,512,591.5,419.5,307.2256,22.65,41.95,0.432,0.295,23.07,0.432,0.295,23.07
2021-11-05 14:00,172.7,231.6,97,0.1036281,384.6,515.9,229.6,230.7869,22.36,43.97,0.432,0.295,22.94,0.432,0.295,22.94
2021-11-05 14:10,158.4,235.7,104.1,0.09504892,345.5,489.8,240.9,207.311,22.25,44.74,0.432,0.295,22.69,0.432,0.295,22.69
2021-11-05 14:20,160.6,192.6,117,0.09638645,330.1,379.3,258.5,198.089,22.35,43.99,0.432,0.295,22.59,0.432,0.295,22.59
2021-11-05 14:30,158.8,218.8,107.5,0.09526901,345.7,434.6,238.6,207.4102,22.3,43.12,0.432,0.295,22.58,0.432,0.295,22.57
2021-11-05 14:40,167.4,210.7,102.8,0.1004504,349.3,421.7,240.5,209.5985,21.72,43.78,0.432,0.295,22.47,0.432,0.295,22.47
2021-11-05 14:50,132.3,156.8,97.4,0.07940162,282,325.2,221,169.2299,21.44,47.34,0.432,0.295,22.34,0.432,0.295,22.34
2021-11-05 15:00,100.6,143.9,71.71,0.06037861,227.7,308.2,175.1,136.6159,21.54,46.01,0.432,0.295,22.17,0.432,0.295,22.17
2021-11-05 15:10,106.1,119.4,82.1,0.06364121,232.7,254.2,192.7,139.6427,21.51,44.55,0.432,0.295,22.01,0.432,0.295,22.01
2021-11-05 15:20,90.5,110.9,69.57,0.05431283,204.8,244.9,165.1,122.8929,21.32,46.23,0.432,0.295,21.88,0.432,0.295,21.88
2021-11-05 15:30,68.69,80.6,58.29,0.04121494,156.3,172.1,137.8,93.79385,21.19,45.93,0.432,0.295,21.71,0.432,0.295,21.71
2021-11-05 15:40,76.02,81.6,68.49,0.04561459,169.8,181.7,154.1,101.9085,21.39,46.05,0.432,0.295,21.64,0.432,0.295,21.64
2021-11-05 15:50,59.67,69.18,50.78,0.03580098,135.7,154.9,118.9,81.43345,21.47,47.09,0.432,0.295,21.64,0.432,0.295,21.64
2021-11-05 16:00,34.69,50.3,27.62,0.02081489,87.5,117.9,72.72,52.51014,21.2,46.59,0.432,0.295,21.48,0.432,0.295,21.48
2021-11-05 16:10,27.33,27.89,25.98,0.01639566,71.61,72.65,68.79,42.96697,20.69,48.45,0.432,0.295,21.17,0.432,0.295,21.17
2021-11-05 16:20,24.66,26.31,20.9,0.01479755,64.69,68.7,55.71,38.81449,20.43,49.58,0.432,0.295,20.89,0.432,0.295,20.89
2021-11-05 16:30,18.59,20.83,17.29,0.01115452,48.94,55.45,46.47,29.36383,20.12,50.78,0.432,0.295,20.61,0.432,0.295,20.61
2021-11-05 16:40,18.38,18.92,17.91,0.01102846,46.96,49.21,45.18,28.17321,19.77,53.41,0.432,0.295,20.35,0.432,0.295,20.35
2021-11-05 16:50,17.92,18.64,17.39,0.01075453,44.31,45.16,43.23,26.58318,19.54,57.52,0.432,0.295,20.13,0.432,0.295,20.12
2021-11-05 17:00,15.22,18.41,11.01,0.009133638,36.96,44.62,27.64,22.17401,19.44,58.2,0.432,0.296,19.98,0.432,0.296,19.98
2021-11-05 17:10,8.39,10.93,5.54,0.005034874,21.52,27.52,14.6,12.91217,19.3,59.82,0.432,0.296,19.75,0.432,0.296,19.75
2021-11-05 17:20,3.569,5.499,2.149,0.002141189,9.99,14.48,6.86,5.996855,19.13,63.11,0.432,0.296,19.53,0.432,0.296,19.53
2021-11-05 17:30,0.617,2.129,0,0.000370214,4.058,6.76,2.163,2.434788,18.94,68.34,0.44,0.303,19.19,0.44,0.303,19.19
2021-11-05 17:40,0,0,0,0,1.226,2.153,0.536,0.7357448,18.49,66.98,0.448,0.311,18.43,0.448,0.311,18.43
2021-11-05 17:50,0,0,0,0,0.242,0.556,0.056,0.1451239,17.9,68.28,0.448,0.311,17.79,0.448,0.312,17.79
2021-11-05 18:00,0,0,0,0,0.047,0.097,0.011,0.02814508,17.21,79.44,0.446,0.311,17.4,0.446,0.311,17.4
2021-11-05 18:10,0,0,0,0,0.013,0.055,0,0.007578697,16.91,85.7,0.445,0.31,17.33,0.445,0.31,17.33
2021-11-05 18:20,0,0,0,0,0.005,0.026,0,0.002873283,16.94,88.1,0.444,0.309,17.45,0.444,0.309,17.46
2021-11-05 18:30,0,0,0,0,0.003,0.028,0,0.001784611,17.1,89.5,0.444,0.308,17.6,0.444,0.308,17.6
2021-11-05 18:40,0,0,0,0,0.002,0.023,0,0.001201355,17.24,90.9,0.443,0.308,17.74,0.443,0.308,17.74
2021-11-05 18:50,0,0,0,0,0.001,0.018,0,0.000627443,17.34,91.5,0.443,0.307,17.83,0.443,0.307,17.83
2021-11-05 19:00,0,0,0,0,0.002,0.032,0,0.000917906,17.37,92,0.442,0.307,17.9,0.442,0.307,17.9
2021-11-05 19:10,0,0,0,0,0.001,0.033,0,0.000893482,17.36,92.3,0.442,0.306,17.93,0.442,0.306,17.93
2021-11-05 19:20,0,0,0,0,0.001,0.031,0,0.000403518,17.36,92.3,0.442,0.306,17.93,0.442,0.306,17.93
2021-11-05 19:30,0,0,0,0,0.001,0.023,0,0.000712298,17.29,92.5,0.441,0.305,17.92,0.441,0.305,17.92
2021-11-05 19:40,0,0,0,0,0.001,0.022,0,0.000337179,17.22,92.6,0.441,0.305,17.88,0.441,0.305,17.88
2021-11-05 19:50,0,0,0,0,0.001,0.021,0,0.000399599,17.13,92.5,0.441,0.304,17.84,0.441,0.305,17.84
2021-11-05 20:00,0,0,0,0,0.001,0.025,0,0.000504419,17.05,92.4,0.44,0.304,17.8,0.44,0.304,17.8
2021-11-05 20:10,0,0,0,0,0.001,0.035,0,0.000882804,16.91,92.5,0.44,0.304,17.73,0.44,0.304,17.73
2021-11-05 20:20,0,0,0,0,0.001,0.02,0,0.00039054,16.77,92.3,0.44,0.303,17.66,0.44,0.303,17.66
2021-11-05 20:30,0,0,0,0,0.001,0.03,0,0.00081442,16.64,92.3,0.439,0.303,17.57,0.439,0.303,17.57
2021-11-05 20:40,0,0,0,0,0.001,0.017,0,0.000427089,16.51,92.5,0.439,0.303,17.49,0.439,0.303,17.48
2021-11-05 20:50,0,0,0,0,0,0.015,0,0.000205181,16.41,92.6,0.439,0.302,17.41,0.439,0.302,17.41
2021-11-05 21:00,0,0,0,0,0.001,0.025,0,0.000572007,16.31,92.3,0.439,0.302,17.34,0.439,0.302,17.34
2021-11-05 21:10,0,0,0,0,0.001,0.024,0,0.000724168,16.18,92.4,0.438,0.302,17.27,0.438,0.302,17.27
2021-11-05 21:20,0,0,0,0,0.001,0.032,0,0.000686483,16.05,92.6,0.438,0.301,17.21,0.438,0.301,17.21
2021-11-05 21:30,0,0,0,0,0.001,0.022,0,0.000530687,15.97,92.6,0.438,0.301,17.15,0.438,0.301,17.15
2021-11-05 21:40,0,0,0,0,0.001,0.017,0,0.00069929,15.9,93.2,0.438,0.301,17.1,0.438,0.301,17.1
2021-11-05 21:50,0,0,0,0,0.001,0.025,0,0.00052319,15.84,92.8,0.438,0.301,17.04,0.438,0.301,17.04
2021-11-05 22:00,0,0,0,0,0,0.021,0,0.000213218,15.77,93.1,0.437,0.3,16.99,0.437,0.3,16.99
2021-11-05 22:10,0,0,0,0,0,0.014,0,0.000276518,15.72,92.9,0.437,0.3,16.94,0.437,0.3,16.94
2021-11-05 22:20,0,0,0,0,0.001,0.022,0,0.000530005,15.67,93,0.437,0.3,16.9,0.437,0.3,16.9
2021-11-05 22:30,0,0,0,0,0.001,0.017,0,0.000317412,15.59,93,0.437,0.299,16.85,0.437,0.299,16.86
2021-11-05 22:40,0,0,0,0,0.001,0.02,0,0.000329539,15.56,93.2,0.437,0.299,16.82,0.437,0.299,16.82
2021-11-05 22:50,0,0,0,0,0,0.014,0,0.000274048,15.48,93.1,0.437,0.299,16.78,0.437,0.299,16.77
2021-11-05 23:00,0,0,0,0,0.001,0.019,0,0.000415218,15.42,93.2,0.436,0.299,16.74,0.436,0.299,16.74
2021-11-05 23:10,0,0,0,0,0,0.007,0,0.000106438,15.36,93.3,0.436,0.298,16.69,0.436,0.298,16.69
2021-11-05 23:20,0,0,0,0,0.001,0.022,0,0.000623607,15.31,93.1,0.436,0.298,16.66,0.436,0.298,16.66
2021-11-05 23:30,0,0,0,0,0.001,0.022,0,0.000448387,15.23,93.1,0.436,0.298,16.61,0.436,0.298,16.61
2021-11-05 23:40,0,0,0,0,0,0.012,0,0.000179565,15.17,93.2,0.436,0.298,16.57,0.436,0.298,16.57
2021-11-05 23:50,0,0,0,0,0.001,0.02,0,0.000443843,15.15,93.5,0.436,0.297,16.54,0.436,0.297,16.54
2021-11-06 0:00,0,0,0,0,0,0.009,0,0.000167552,15.13,93.4,0.435,0.297,16.51,0.435,0.297,16.51
2021-11-06 0:10,0,0,0,0,0,0.011,0,0.000197087,15.09,93.5,0.435,0.297,16.48,0.435,0.297,16.48
2021-11-06 0:20,0,0,0,0,0,0.013,0,0.00015943,15.03,93.3,0.435,0.297,16.44,0.435,0.297,16.44
2021-11-06 0:30,0,0,0,0,0,0.023,0,0.000252493,14.97,93.2,0.435,0.296,16.4,0.435,0.297,16.4
2021-11-06 0:40,0,0,0,0,0,0.003,0,2.56E-05,14.92,93.3,0.435,0.296,16.37,0.435,0.297,16.37
2021-11-06 0:50,0,0,0,0,0,0.009,0,0.00014276,14.86,93.4,0.435,0.296,16.33,0.435,0.296,16.33
2021-11-06 1:00,0,0,0,0,0.001,0.021,0,0.000305172,14.81,93.5,0.435,0.296,16.29,0.435,0.296,16.29
2021-11-06 1:10,0,0,0,0,0,0.013,0,0.000188198,14.75,93.5,0.434,0.296,16.25,0.434,0.296,16.25
2021-11-06 1:20,0,0,0,0,0.001,0.014,0,0.00035913,14.7,93.3,0.434,0.296,16.22,0.434,0.296,16.21
2021-11-06 1:30,0,0,0,0,0,0.008,0,0.000140091,14.61,93.3,0.434,0.295,16.17,0.434,0.295,16.17
2021-11-06 1:40,0,0,0,0,0.001,0.015,0,0.000310341,14.57,93.3,0.434,0.295,16.12,0.434,0.295,16.12
2021-11-06 1:50,0,0,0,0,0,0.012,0,0.000183512,14.5,93.3,0.434,0.295,16.08,0.434,0.295,16.08
2021-11-06 2:00,0,0,0,0,0.001,0.017,0,0.000304717,14.45,93.3,0.434,0.295,16.04,0.434,0.295,16.04
2021-11-06 2:10,0,0,0,0,0,0.017,0,0.000151137,14.38,93.3,0.434,0.295,16,0.434,0.295,16
2021-11-06 2:20,0,0,0,0,0,0.009,0,0.000148837,14.33,93.2,0.434,0.294,15.96,0.434,0.295,15.96
2021-11-06 2:30,0,0,0,0,0.001,0.027,0,0.000380088,14.3,93.3,0.434,0.294,15.93,0.434,0.294,15.93
2021-11-06 2:40,0,0,0,0,0,0.009,0,0.000107716,14.25,93.2,0.433,0.294,15.89,0.433,0.294,15.88
2021-11-06 2:50,0,0,0,0,0.001,0.017,0,0.000326187,14.15,93.3,0.433,0.294,15.83,0.433,0.294,15.83
2021-11-06 3:00,0,0,0,0,0,0.018,0,0.000154943,14.1,93.1,0.433,0.294,15.78,0.433,0.294,15.77
2021-11-06 3:10,0,0,0,0,0.001,0.025,0,0.000385568,14.01,93.1,0.433,0.294,15.72,0.433,0.294,15.72
2021-11-06 3:20,0,0,0,0,0,0.01,0,8.17E-05,13.96,93.1,0.433,0.293,15.68,0.433,0.293,15.68
2021-11-06 3:30,0,0,0,0,0,0.02,0,0.00018462,13.9,93.2,0.433,0.293,15.64,0.433,0.293,15.64
2021-11-06 3:40,0,0,0,0,0,0.022,0,0.000182291,13.86,93.2,0.433,0.293,15.59,0.433,0.293,15.59
2021-11-06 3:50,0,0,0,0,0,0.009,0,8.18E-05,13.81,93.1,0.433,0.293,15.55,0.433,0.293,15.55
2021-11-06 4:00,0,0,0,0,0,0.023,0,0.000271235,13.75,93.1,0.433,0.292,15.51,0.433,0.292,15.5
2021-11-06 4:10,0,0,0,0,0,0.007,0,0.000176412,13.65,92.9,0.433,0.292,15.45,0.433,0.292,15.45
2021-11-06 4:20,0,0,0,0,0,0.005,0,6.59E-05,13.53,92.7,0.433,0.292,15.39,0.432,0.292,15.39
2021-11-06 4:30,0,0,0,0,0,0.003,0,1.71E-05,13.46,93,0.432,0.292,15.32,0.432,0.292,15.33
2021-11-06 4:40,0,0,0,0,0,0.02,0,0.000144038,13.43,93.1,0.432,0.292,15.28,0.432,0.292,15.28
2021-11-06 4:50,0,0,0,0,0,0.011,0,0.000198166,13.38,93.2,0.432,0.291,15.26,0.432,0.291,15.26
2021-11-06 5:00,0,0,0,0,0,0.008,0,0.000111067,13.39,93.3,0.432,0.291,15.23,0.432,0.291,15.24
2021-11-06 5:10,0,0,0,0,0,0.011,0,0.000155767,13.36,93.5,0.432,0.291,15.2,0.432,0.291,15.2
2021-11-06 5:20,0,0,0,0,0.001,0.012,0,0.000335615,13.31,93.2,0.432,0.291,15.17,0.432,0.291,15.17
2021-11-06 5:30,0,0,0,0,0,0.009,0,0.000137279,13.26,93.2,0.432,0.291,15.14,0.432,0.291,15.14
2021-11-06 5:40,0,0,0,0,0.001,0.044,0,0.000457956,13.23,93.2,0.432,0.29,15.11,0.432,0.291,15.11
2021-11-06 5:50,0,0,0,0,0.001,0.02,0,0.000307954,13.18,93,0.432,0.29,15.07,0.432,0.29,15.07
2021-11-06 6:00,0,0,0,0,0,0.016,0,0.000259705,13.11,93.3,0.432,0.29,15.03,0.432,0.29,15.03
2021-11-06 6:10,0,0,0,0,0,0.012,0,6.76E-05,13.02,93.1,0.432,0.29,14.98,0.432,0.29,14.98
2021-11-06 6:20,0,0,0,0,0,0.011,0,0.000131883,12.95,93.1,0.432,0.29,14.93,0.432,0.29,14.93
2021-11-06 6:30,0,0,0,0,0,0.012,0,0.000257888,12.94,93.2,0.432,0.29,14.89,0.432,0.29,14.89
2021-11-06 6:40,0,0,0,0,0,0.016,0,0.000226962,12.92,93.6,0.432,0.289,14.87,0.432,0.289,14.87
2021-11-06 6:50,0,0,0,0,0.015,0.063,0,0.008730579,12.93,93.4,0.432,0.289,14.85,0.432,0.289,14.85
2021-11-06 7:00,0,0,0,0,0.087,0.162,0.025,0.05212678,12.92,93.4,0.431,0.289,14.83,0.431,0.289,14.83
2021-11-06 7:10,1.472,3.483,0,0.000883247,6.409,14.03,0.118,3.84555,12.89,93.2,0.431,0.289,14.81,0.431,0.289,14.81
2021-11-06 7:20,5.142,6.691,3.532,0.00308543,19.16,24.55,14.08,11.49555,12.57,84.6,0.431,0.289,14.66,0.431,0.289,14.66
2021-11-06 7:30,10.88,14.98,6.752,0.006527509,34.14,43.65,24.64,20.48437,11.89,85.5,0.431,0.289,14.38,0.431,0.289,14.38
2021-11-06 7:40,18.8,21.7,15.07,0.0112783,52.96,60.77,43.85,31.77414,11.76,87.6,0.431,0.289,14.26,0.431,0.289,14.26
2021-11-06 7:50,24.42,27.48,21.75,0.01465367,68.72,77.1,60.89,41.23402,11.8,88.5,0.431,0.288,14.33,0.431,0.288,14.33
2021-11-06 8:00,37.12,56.11,27.54,0.02226936,90.4,110.3,77.23,54.26972,12.03,89.5,0.431,0.288,14.46,0.431,0.288,14.46
2021-11-06 8:10,70.97,80.1,56.54,0.0425816,137,152.9,110.9,82.20792,12.54,91.2,0.431,0.288,14.71,0.431,0.288,14.71
2021-11-06 8:20,81.5,94.1,66.74,0.0489139,159.6,179.5,138.1,95.78111,13.38,84.4,0.431,0.288,15.11,0.431,0.288,15.11
2021-11-06 8:30,89.2,108.2,82.3,0.05354099,182.2,219,167,109.3284,14.11,78.81,0.431,0.288,15.48,0.431,0.288,15.48
2021-11-06 8:40,119.5,127.7,107.9,0.07167736,247.4,272.5,219.3,148.4475,14.7,77.91,0.431,0.289,15.86,0.431,0.288,15.87
2021-11-06 8:50,134.6,142.9,127.9,0.08074974,289.3,304.8,273,173.5774,15.3,75.17,0.431,0.288,16.36,0.431,0.288,16.36
2021-11-06 9:00,148.2,154.2,142.9,0.08890682,324.9,345.4,304.8,194.9118,16.34,71.25,0.431,0.289,16.89,0.431,0.289,16.9
2021-11-06 9:10,165.3,179.1,154.2,0.09917859,372.3,391,345.5,223.3728,17.92,69.67,0.431,0.289,17.58,0.431,0.289,17.58
2021-11-06 9:20,185.2,210.4,168.9,0.1111426,410,427.5,378.7,246.008,18.48,63.65,0.431,0.289,18.15,0.431,0.289,18.15
2021-11-06 9:30,202.2,233.6,170.4,0.1213318,409.8,433.8,397.2,245.8662,18.03,57.57,0.431,0.288,18.33,0.431,0.288,18.33
2021-11-06 9:40,222.4,242.3,181.6,0.1334605,448.9,481.8,425.3,269.3198,17.62,63.08,0.431,0.288,18.31,0.431,0.288,18.31
2021-11-06 9:50,207.9,233.5,180.8,0.1247559,487.3,551.3,456.7,292.3965,17.32,58.44,0.431,0.288,18.54,0.431,0.288,18.54
2021-11-06 10:00,268.5,317.4,220.2,0.1611094,537.1,588.8,446.8,322.2366,17.46,59.05,0.431,0.288,19.05,0.43,0.288,19.05
2021-11-06 10:10,262.3,318,178.8,0.1573863,539.2,577.8,508.8,323.5368,17.83,57.79,0.43,0.288,19.58,0.43,0.288,19.58
2021-11-06 10:20,273.5,321.7,182.2,0.1641169,539,572.3,483,323.3752,18.63,55.23,0.431,0.288,20.16,0.431,0.288,20.16
2021-11-06 10:30,313.7,332.6,301.6,0.1882334,618.2,668.6,523.5,370.9474,19.14,53.83,0.43,0.288,20.79,0.43,0.288,20.79
2021-11-06 10:40,328.1,342.6,318.2,0.196838,577.4,668,475.3,346.4549,19.19,51.25,0.43,0.288,21.15,0.43,0.288,21.15
2021-11-06 10:50,319.3,325.9,315.4,0.1915836,648.4,695.4,476.1,389.0402,19.99,50.29,0.43,0.288,21.64,0.43,0.288,21.64
2021-11-06 11:00,339.8,364,321.9,0.2038656,686.9,693.8,682.7,412.1227,20.56,47.55,0.43,0.288,22.08,0.43,0.288,22.08
2021-11-06 11:10,349.1,372.7,334.6,0.2094342,705.7,723.5,680.8,423.3942,21.22,47.77,0.43,0.289,22.48,0.43,0.289,22.47
2021-11-06 11:20,298.2,349.7,210.8,0.1788931,704.1,731.4,689,422.4609,22.11,44.88,0.43,0.289,22.75,0.43,0.289,22.75
2021-11-06 11:30,300.9,329.6,286.3,0.1805438,730.5,748.7,712.1,438.2911,22.64,42.79,0.43,0.289,22.92,0.43,0.289,22.92
2021-11-06 11:40,318.4,346.5,296.8,0.191064,641.5,726.7,521.4,384.8867,23.12,42.94,0.43,0.289,23.13,0.43,0.289,23.13
2021-11-06 11:50,264.7,340.6,218.2,0.1588366,584.7,653.5,551.8,350.79,22.99,40.47,0.43,0.289,23.18,0.43,0.289,23.18
2021-11-06 12:00,255.6,325.3,217.6,0.1533496,728.9,768.3,632.1,437.3497,23.22,38.89,0.43,0.289,23.24,0.43,0.289,23.24
2021-11-06 12:10,371.1,391.9,326.4,0.222635,720,764.1,581.9,432.0251,23.06,39.48,0.43,0.289,23.37,0.43,0.289,23.37
2021-11-06 12:20,330.2,407.3,214.7,0.1981374,768.4,792.6,707.3,461.0484,23.18,39.36,0.43,0.289,23.42,0.43,0.289,23.42
2021-11-06 12:30,378,416.6,217.4,0.2267852,717.8,827,526.9,430.6566,23.39,38.69,0.43,0.289,23.52,0.43,0.289,23.52
2021-11-06 12:40,371.5,435,211.9,0.2229242,745.1,844,530.1,447.0587,23.64,35.13,0.43,0.289,23.6,0.43,0.289,23.6
2021-11-06 12:50,421,437.2,399.1,0.2526057,834,884,623.3,500.3933,23.44,36.79,0.43,0.289,23.6,0.43,0.29,23.6
2021-11-06 13:00,370.3,399.2,335.7,0.2221967,775.6,808,725.4,465.3777,23.89,35.16,0.43,0.289,23.66,0.43,0.289,23.66
2021-11-06 13:10,334,375.3,104.1,0.2003796,685.8,766.5,266.6,411.4616,23.68,34.96,0.43,0.289,23.76,0.43,0.289,23.76
2021-11-06 13:20,296.3,359.5,117.6,0.177773,611.3,699.5,275.5,366.7653,23.37,35.03,0.43,0.29,23.73,0.43,0.29,23.73
2021-11-06 13:30,313.7,343.4,171.6,0.1882034,623.3,692.7,322.5,373.9839,23.91,34.96,0.43,0.29,23.79,0.43,0.29,23.79
2021-11-06 13:40,192,333.7,89,0.1152228,415.9,649.8,223.4,249.5379,24.25,34.77,0.43,0.29,23.84,0.43,0.29,23.84
2021-11-06 13:50,137.2,303.1,56.75,0.0823125,304.2,593.3,158,182.5176,23.54,35.9,0.43,0.29,23.53,0.43,0.29,23.53
2021-11-06 14:00,145.7,264.3,56.04,0.08743666,335.6,567.5,156.7,201.3867,22.43,36.56,0.43,0.29,23,0.43,0.29,23
2021-11-06 14:10,220.3,272.4,54.4,0.1322099,443.9,538.2,156.5,266.357,22.81,36.38,0.43,0.29,22.86,0.43,0.29,22.86
2021-11-06 14:20,220.3,269.8,52.16,0.1321931,414.4,519.5,154.9,248.6595,22.85,38.41,0.43,0.29,22.8,0.43,0.29,22.8
2021-11-06 14:30,211.5,264.3,158,0.1269163,479.7,511.3,395.7,287.8184,23.16,37.23,0.429,0.29,22.92,0.429,0.29,22.92
2021-11-06 14:40,231.6,244.2,193.9,0.1389356,440.3,463.7,410.7,264.1767,23.23,35.53,0.429,0.29,23.04,0.429,0.29,23.05
2021-11-06 14:50,208.7,229.5,185.7,0.1252153,393.1,440.8,350.1,235.8782,23.14,35.99,0.429,0.29,23.15,0.429,0.29,23.15
2021-11-06 15:00,168.2,189.2,127.8,0.1008926,357.5,370.9,340.2,214.5074,22.3,37.16,0.429,0.29,22.94,0.429,0.29,22.94
2021-11-06 15:10,161.5,173.7,148.3,0.09687755,322.6,357.8,273.6,193.5709,22.17,37.41,0.429,0.29,22.72,0.429,0.29,22.72
2021-11-06 15:20,127.9,152.6,98.7,0.0767514,262.8,301.8,227.3,157.6656,22.29,34.75,0.429,0.29,22.6,0.429,0.29,22.6
2021-11-06 15:30,115.5,137.1,88.5,0.0692753,206.7,239.6,183.4,124.0293,21.83,36.88,0.429,0.29,22.42,0.429,0.29,22.43
2021-11-06 15:40,98.5,109.3,79.98,0.0591187,177.8,186.6,164.9,106.6661,21.49,35.99,0.429,0.29,22.18,0.429,0.29,22.19
2021-11-06 15:50,75.69,85.9,62.67,0.04541212,149.9,164.4,139.2,89.95519,21.36,35.62,0.429,0.29,21.96,0.429,0.29,21.96
2021-11-06 16:00,62.12,69.32,54.14,0.03727329,133.7,145,124.1,80.19184,21.22,35.72,0.429,0.29,21.75,0.429,0.29,21.75
2021-11-06 16:10,51.09,57.42,43.5,0.03065154,113.1,125.3,100.4,67.85201,20.88,37.58,0.429,0.29,21.47,0.429,0.29,21.47
2021-11-06 16:20,39.09,45.04,34.82,0.02345662,93.7,101.9,83.7,56.19871,20.69,38.68,0.429,0.29,21.19,0.429,0.29,21.2
2021-11-06 16:30,29.97,35.09,26.26,0.01798452,75.76,83.5,67.29,45.45415,20.33,39.2,0.429,0.29,20.87,0.429,0.29,20.87
2021-11-06 16:40,23.31,26.66,19.67,0.013989,60.03,67.22,52.82,36.01743,19.98,40.39,0.429,0.29,20.54,0.429,0.29,20.54
2021-11-06 16:50,16.57,19.66,13.25,0.009943095,45,52.69,37.38,27.00287,19.73,41.75,0.429,0.29,20.26,0.429,0.29,20.26
2021-11-06 17:00,10.77,13.38,8.02,0.00646052,31.34,37.33,25.29,18.80528,19.41,46.9,0.429,0.29,19.98,0.429,0.29,19.98
2021-11-06 17:10,6.433,7.939,4.898,0.003859641,20.35,25.21,15.67,12.20937,19.12,48.65,0.429,0.291,19.68,0.429,0.291,19.68
2021-11-06 17:20,3.22,4.878,1.691,0.001932237,11.36,15.54,7.524,6.813134,18.7,52.01,0.429,0.291,19.32,0.429,0.291,19.33
2021-11-06 17:30,0.576,1.671,0,0.000345881,4.663,7.486,2.44,2.797786,18.28,51.87,0.429,0.291,18.96,0.429,0.291,18.96
2021-11-06 17:40,0,0,0,0,1.249,2.434,0.47,0.7495217,17.69,54.46,0.429,0.291,18.59,0.429,0.291,18.59
2021-11-06 17:50,0,0,0,0,0.214,0.465,0.07,0.1282071,17.06,55.45,0.429,0.291,18.23,0.429,0.291,18.23
2021-11-06 18:00,0,0,0,0,0.057,0.095,0.013,0.03441548,16.58,64.84,0.429,0.291,17.95,0.429,0.291,17.95
2021-11-06 18:10,0,0,0,0,0.028,0.073,0,0.0168444,16.4,70.43,0.429,0.29,17.86,0.429,0.29,17.86
2021-11-06 18:20,0,0,0,0,0.018,0.05,0,0.01085096,16.55,73.65,0.429,0.29,17.88,0.429,0.291,17.88
2021-11-06 18:30,0,0,0,0,0.011,0.051,0,0.006843029,16.78,75.83,0.428,0.29,17.88,0.429,0.29,17.88
2021-11-06 18:40,0,0,0,0,0.009,0.039,0,0.005300542,16.88,78.22,0.428,0.29,17.88,0.428,0.29,17.88
2021-11-06 18:50,0,0,0,0,0.006,0.049,0,0.003853486,16.9,80.7,0.428,0.29,17.87,0.428,0.29,17.87
2021-11-06 19:00,0,0,0,0,0.005,0.037,0,0.003218205,16.89,82.1,0.428,0.29,17.85,0.428,0.29,17.85
2021-11-06 19:10,0,0,0,0,0.005,0.033,0,0.003256939,16.83,83.9,0.428,0.29,17.81,0.428,0.29,17.82
2021-11-06 19:20,0,0,0,0,0.003,0.029,0,0.001815136,16.74,85.1,0.428,0.29,17.78,0.428,0.29,17.78
2021-11-06 19:30,0,0,0,0,0.004,0.042,0,0.002569575,16.69,86,0.428,0.29,17.75,0.428,0.29,17.74
2021-11-06 19:40,0,0,0,0,0.003,0.028,0,0.001519218,16.64,87.1,0.428,0.289,17.71,0.428,0.289,17.71
2021-11-06 19:50,0,0,0,0,0.002,0.02,0,0.001141487,16.59,87.2,0.428,0.289,17.68,0.428,0.289,17.68
2021-11-06 20:00,0,0,0,0,0.001,0.017,0,0.00088479,16.5,87.5,0.428,0.289,17.62,0.428,0.289,17.62
2021-11-06 20:10,0,0,0,0,0.001,0.024,0,0.000752566,16.39,87.9,0.428,0.289,17.56,0.428,0.289,17.56
2021-11-06 20:20,0,0,0,0,0.002,0.019,0,0.000945677,16.27,88.3,0.428,0.289,17.49,0.428,0.289,17.5
2021-11-06 20:30,0,0,0,0,0.001,0.014,0,0.000494053,16.16,88.6,0.428,0.289,17.43,0.428,0.289,17.43
2021-11-06 20:40,0,0,0,0,0.002,0.019,0,0.00095698,16.07,89,0.428,0.289,17.37,0.428,0.289,17.37
2021-11-06 20:50,0,0,0,0,0.002,0.029,0,0.001098661,15.98,89.1,0.428,0.289,17.31,0.428,0.289,17.31
2021-11-06 21:00,0,0,0,0,0.001,0.025,0,0.000612475,15.93,89.1,0.428,0.288,17.25,0.428,0.289,17.25
2021-11-06 21:10,0,0,0,0,0.002,0.02,0,0.000901886,15.83,89.3,0.428,0.288,17.2,0.428,0.288,17.2
2021-11-06 21:20,0,0,0,0,0.001,0.021,0,0.000889674,15.72,89.4,0.428,0.288,17.14,0.428,0.288,17.14
2021-11-06 21:30,0,0,0,0,0.001,0.02,0,0.000895325,15.64,89.3,0.428,0.288,17.08,0.428,0.288,17.08
2021-11-06 21:40,0,0,0,0,0.002,0.035,0,0.001138844,15.52,89.4,0.428,0.288,17.01,0.428,0.288,17.01
2021-11-06 21:50,0,0,0,0,0.001,0.024,0,0.00087894,15.47,89.5,0.428,0.288,16.95,0.428,0.288,16.95
2021-11-06 22:00,0,0,0,0,0.001,0.017,0,0.000707809,15.36,89.6,0.428,0.288,16.89,0.428,0.288,16.89
2021-11-06 22:10,0,0,0,0,0.001,0.017,0,0.000450687,15.35,90.2,0.428,0.288,16.85,0.428,0.288,16.85
2021-11-06 22:20,0,0,0,0,0.001,0.015,0,0.00033235,15.3,90.1,0.428,0.288,16.81,0.428,0.288,16.81
2021-11-06 22:30,0,0,0,0,0.001,0.017,0,0.000312073,15.23,90.3,0.428,0.288,16.77,0.428,0.288,16.77
2021-11-06 22:40,0,0,0,0,0,0.011,0,0.000257945,15.19,90.2,0.428,0.288,16.73,0.428,0.288,16.73
2021-11-06 22:50,0,0,0,0,0,0.011,0,0.000195695,15.11,90.3,0.428,0.287,16.68,0.428,0.288,16.68
2021-11-06 23:00,0,0,0,0,0,0.016,0,0.00029634,15.05,90.4,0.427,0.287,16.63,0.427,0.287,16.63
2021-11-06 23:10,0,0,0,0,0,0.018,0,0.000256951,15,90.8,0.427,0.287,16.58,0.427,0.287,16.58
2021-11-06 23:20,0,0,0,0,0,0.017,0,0.000291342,14.93,90.5,0.427,0.287,16.55,0.427,0.287,16.54
2021-11-06 23:30,0,0,0,0,0,0.007,0,0.000174709,14.85,90.3,0.427,0.287,16.49,0.427,0.287,16.49
2021-11-06 23:40,0,0,0,0,0.001,0.023,0,0.000317014,14.76,90.8,0.427,0.287,16.43,0.427,0.287,16.43
2021-11-06 23:50,0,0,0,0,0,0.01,0,0.000185159,14.69,90.6,0.427,0.287,16.38,0.427,0.287,16.38
2021-11-07 0:00,0,0,0,0,0.001,0.013,0,0.000370347,14.66,90.7,0.427,0.287,16.32,0.427,0.287,16.32
2021-11-07 0:10,0,0,0,0,0,0.016,0,0.000203618,14.59,90.5,0.427,0.287,16.28,0.427,0.287,16.28
2021-11-07 0:20,0,0,0,0,0.001,0.016,0,0.000341948,14.51,90.7,0.427,0.287,16.23,0.427,0.287,16.23
2021-11-07 0:30,0,0,0,0,0,0.02,0,0.000193878,14.44,90.6,0.427,0.287,16.18,0.427,0.287,16.19
2021-11-07 0:40,0,0,0,0,0,0.013,0,0.000232613,14.37,90.7,0.427,0.287,16.12,0.427,0.286,16.13
2021-11-07 0:50,0,0,0,0,0.001,0.03,0,0.000511516,14.31,91.1,0.427,0.286,16.08,0.427,0.286,16.08
2021-11-07 1:00,0,0,0,0,0,0.019,0,0.000221055,14.26,90.9,0.427,0.286,16.03,0.427,0.286,16.03
2021-11-07 1:10,0,0,0,0,0,0.006,0,9.81E-05,14.2,90.9,0.427,0.286,15.99,0.427,0.286,15.99
2021-11-07 1:20,0,0,0,0,0,0.015,0,0.000132167,14.21,91.3,0.427,0.286,15.96,0.427,0.286,15.96
2021-11-07 1:30,0,0,0,0,0,0.015,0,0.000274785,14.18,91.2,0.427,0.286,15.93,0.427,0.286,15.93
2021-11-07 1:40,0,0,0,0,0,0.016,0,0.000215801,14.16,91.3,0.427,0.286,15.9,0.427,0.286,15.91
2021-11-07 1:50,0,0,0,0,0,0.018,0,0.000278051,14.15,91.8,0.427,0.286,15.89,0.427,0.286,15.89
2021-11-07 2:00,0,0.004,0,3.10E-08,0,0.009,0,0.000132423,14.19,92.5,0.427,0.286,15.91,0.427,0.285,15.91
2021-11-07 2:10,0.074,0.175,0,4.42E-05,0,0.007,0,3.71E-05,14.29,93.2,0.427,0.286,15.96,0.427,0.285,15.96
2021-11-07 2:20,0.06,0.176,0,3.57E-05,0,0.006,0,5.93E-05,14.43,93.1,0.427,0.285,16.02,0.427,0.285,16.02
2021-11-07 2:30,0,0,0,0,0,0.016,0,9.80E-05,14.52,92.9,0.427,0.285,16.06,0.427,0.285,16.06
2021-11-07 2:40,0,0,0,0,0,0.005,0,7.15E-05,14.54,92.8,0.427,0.285,16.07,0.427,0.285,16.07
2021-11-07 2:50,0,0,0,0,0,0.019,0,0.000271292,14.51,92,0.427,0.285,16.05,0.427,0.285,16.06
2021-11-07 3:00,0,0,0,0,0,0.009,0,0.00014506,14.42,91.8,0.427,0.285,16.02,0.427,0.285,16.01
2021-11-07 3:10,0,0,0,0,0,0.017,0,0.000205833,14.32,91.6,0.427,0.285,15.97,0.427,0.285,15.96
2021-11-07 3:20,0,0,0,0,0,0.012,0,0.000118962,14.22,91.6,0.427,0.285,15.91,0.427,0.285,15.91
2021-11-07 3:30,0,0,0,0,0,0.015,0,0.00019578,14.15,91.5,0.426,0.285,15.86,0.426,0.285,15.86
2021-11-07 3:40,0,0,0,0,0,0.011,0,0.000217732,14.1,91.6,0.426,0.284,15.81,0.426,0.284,15.81
2021-11-07 3:50,0,0,0,0,0,0.005,0,0.000125976,14.02,91.6,0.426,0.284,15.76,0.426,0.284,15.76
2021-11-07 4:00,0,0,0,0,0,0.006,0,4.52E-05,13.95,91.6,0.426,0.284,15.71,0.427,0.284,15.72
2021-11-07 4:10,0,0,0,0,0,0.018,0,0.000208929,13.92,92.4,0.426,0.284,15.69,0.426,0.284,15.7
2021-11-07 4:20,0.022,0.091,0,1.30E-05,0,0.016,0,0.000168745,13.98,93.1,0.426,0.284,15.72,0.426,0.284,15.72
2021-11-07 4:30,0.112,0.199,0.049,6.71E-05,0,0.017,0,0.0001103,14.16,93.7,0.426,0.284,15.79,0.426,0.284,15.79
2021-11-07 4:40,0.163,0.219,0.107,9.77E-05,0,0.007,0,3.70E-05,14.33,94,0.426,0.284,15.87,0.426,0.284,15.86
2021-11-07 4:50,0.037,0.155,0,2.25E-05,0,0.014,0,0.000105047,14.49,93.9,0.426,0.284,15.94,0.426,0.284,15.94
2021-11-07 5:00,0,0,0,0,0,0.011,0,9.58E-05,14.57,93.5,0.426,0.284,15.98,0.426,0.284,15.98
2021-11-07 5:10,0,0,0,0,0,0.009,0,0.000120893,14.56,93.4,0.426,0.284,15.99,0.426,0.284,15.99
2021-11-07 5:20,0,0,0,0,0,0,0,9.09E-07,14.47,92.4,0.426,0.283,15.96,0.426,0.284,15.96
2021-11-07 5:30,0,0,0,0,0,0.006,0,6.01E-05,14.32,92.1,0.426,0.283,15.89,0.426,0.283,15.89
2021-11-07 5:40,0,0,0,0,0,0.018,0,9.00E-05,14.19,91.9,0.426,0.283,15.81,0.426,0.283,15.82
2021-11-07 5:50,0,0,0,0,0,0.025,0,0.000201261,14.07,91.9,0.426,0.283,15.74,0.426,0.283,15.74
2021-11-07 6:00,0,0,0,0,0,0.014,0,7.90E-05,13.96,92,0.426,0.283,15.68,0.426,0.283,15.68
2021-11-07 6:10,0,0,0,0,0,0.013,0,8.83E-05,13.93,92.6,0.426,0.283,15.64,0.426,0.283,15.64
2021-11-07 6:20,0.001,0.032,0,4.77E-07,0,0.011,0,0.000122341,13.97,93.2,0.426,0.283,15.65,0.426,0.283,15.66
2021-11-07 6:30,0,0,0,0,0,0,0,1.02E-06,14.07,93.4,0.426,0.283,15.68,0.426,0.283,15.68
2021-11-07 6:40,0,0,0,0,0,0.02,0,0.000222816,14.13,93.4,0.426,0.283,15.71,0.426,0.283,15.72
2021-11-07 6:50,0.006,0.036,0,3.57E-06,0.008,0.052,0,0.004837991,14.24,93.9,0.426,0.283,15.75,0.426,0.283,15.75
2021-11-07 7:00,0.003,0.053,0,2.05E-06,0.065,0.148,0,0.03912336,14.3,93.8,0.426,0.282,15.79,0.426,0.283,15.79
2021-11-07 7:10,2.327,5.112,0,0.001396311,6.119,13.54,0.09,3.671187,14.35,94,0.426,0.282,15.83,0.426,0.282,15.83
2021-11-07 7:20,8.2,10.66,5.131,0.00491702,20.19,25.63,13.61,12.11257,14.3,91.1,0.426,0.282,15.82,0.426,0.282,15.82
2021-11-07 7:30,12.92,14.2,10.68,0.007752029,31.24,33.79,25.72,18.74279,14.08,90.7,0.426,0.282,15.76,0.426,0.282,15.76
2021-11-07 7:40,13,14.19,11.96,0.007798375,34.08,37,32.14,20.44587,14.09,90.6,0.426,0.282,15.78,0.426,0.282,15.78
2021-11-07 7:50,22.53,27.86,14.35,0.0135204,54.47,65.63,37.34,32.68249,14.2,91,0.426,0.282,15.83,0.426,0.282,15.83
2021-11-07 8:00,37.32,58.58,28.02,0.02239103,86.6,120.2,65.95,51.94744,14.54,92.3,0.426,0.282,16.02,0.426,0.282,16.02
2021-11-07 8:10,44.15,50.83,29.9,0.02648978,104.1,119.2,71.58,62.47594,15.16,93,0.426,0.282,16.36,0.426,0.282,16.36
2021-11-07 8:20,27.64,29.47,25.33,0.01658682,70.35,74.48,62.05,42.21093,15.69,83,0.426,0.282,16.69,0.426,0.282,16.7
2021-11-07 8:30,28.75,40.88,22.86,0.01724814,75.71,103.3,61.04,45.42376,15.74,78,0.426,0.282,16.78,0.426,0.282,16.78
2021-11-07 8:40,86.8,164.3,41.32,0.05210144,205.6,356.1,104.3,123.3659,15.68,79.37,0.426,0.282,16.84,0.426,0.282,16.84
2021-11-07 8:50,143.1,157.6,72.46,0.08585984,320,351.1,172.7,192.0286,16.51,77.08,0.426,0.282,17.3,0.426,0.282,17.3
2021-11-07 9:00,153.7,168.8,71.77,0.09222227,349.2,386.8,177.8,209.4931,18.43,69.99,0.426,0.283,18.17,0.426,0.283,18.17
2021-11-07 9:10,189.2,225,85.7,0.1134984,436.2,512.9,197,261.7492,19.87,55.77,0.426,0.283,19.1,0.426,0.283,19.1
2021-11-07 9:20,142,246.5,72.54,0.08520431,328.4,507.7,188.7,197.0683,20.21,52.21,0.426,0.282,19.63,0.426,0.283,19.63
2021-11-07 9:30,129.2,265.1,51.64,0.07752841,299.4,526.4,140.5,179.6226,19.86,52.12,0.426,0.282,19.74,0.426,0.282,19.74
2021-11-07 9:40,116.9,293.3,50.98,0.07016426,293.6,657,139.1,176.1881,18.97,55.9,0.425,0.283,19.43,0.426,0.282,19.43
2021-11-07 9:50,167,232.5,86.7,0.1002128,461.4,610.9,230.4,276.8583,18.3,56.81,0.425,0.282,19.59,0.425,0.283,19.59
2021-11-07 10:00,287.5,340,234.7,0.1725211,540,626.4,463.7,324.0104,18.84,53.17,0.426,0.282,20.23,0.426,0.282,20.23
2021-11-07 10:10,260.2,342.4,104.3,0.1561404,555.9,666,281,333.5633,19.8,50.54,0.425,0.283,20.93,0.425,0.283,20.93
2021-11-07 10:20,260.9,345.3,141.4,0.1565147,523.7,611.7,308.6,314.226,20.3,53.82,0.425,0.283,21.42,0.425,0.283,21.42
2021-11-07 10:30,335.4,360.7,319.1,0.2012344,684.4,745.5,552.1,410.6356,20.66,49.87,0.425,0.283,22.12,0.425,0.283,22.12
2021-11-07 10:40,360.7,366.6,351.4,0.2164442,618.4,751.7,486.2,371.0438,20.83,50.59,0.425,0.283,22.69,0.425,0.283,22.69
2021-11-07 10:50,353.4,367.1,342.5,0.2120371,726.2,789.5,491.6,435.7437,21.35,48.69,0.425,0.283,23.29,0.425,0.283,23.29
2021-11-07 11:00,361.7,380.2,343.8,0.2169922,753.5,770.8,735.1,452.1201,22.42,46.38,0.425,0.283,23.89,0.425,0.283,23.89
2021-11-07 11:10,373.7,387.3,357.8,0.2242053,753.8,765.3,742.1,452.2885,23.02,46,0.425,0.283,24.23,0.425,0.283,24.23
2021-11-07 11:20,312.8,376.3,211.5,0.1876536,745.3,765.6,729.3,447.1801,23.94,44.18,0.425,0.283,24.43,0.425,0.283,24.44
2021-11-07 11:30,344.2,381.1,305.6,0.2064902,775.9,799.6,755.8,465.5393,24.01,44.52,0.425,0.284,24.73,0.425,0.284,24.73
2021-11-07 11:40,310.5,364.6,115.8,0.1862996,710,865,296.6,425.9843,22.69,47.57,0.425,0.284,24.56,0.425,0.284,24.56
2021-11-07 11:50,340.8,401.2,157,0.2044981,737.1,855,342.6,442.2564,23.33,43.33,0.425,0.284,24.58,0.425,0.284,24.58
2021-11-07 12:00,256.2,317.2,235.1,0.1536906,685.8,772.3,628.5,411.4756,24.22,39.94,0.425,0.284,24.76,0.425,0.284,24.76
2021-11-07 12:10,322.6,403.7,236.8,0.1935344,771.6,823,599.4,462.9522,24.25,39.36,0.425,0.284,24.89,0.425,0.284,24.89
2021-11-07 12:20,348.7,422.6,217.3,0.2092134,792.9,824,754.5,475.7114,23.94,39.32,0.425,0.284,24.76,0.425,0.284,24.76
2021-11-07 12:30,383.3,435.7,248.7,0.2299944,749.5,906,553,449.6757,23.75,39.25,0.425,0.284,24.62,0.425,0.284,24.62
2021-11-07 12:40,243.7,473.8,116.6,0.1461941,598.1,957,295,358.8595,23.62,40.04,0.425,0.284,24.46,0.425,0.284,24.46
2021-11-07 12:50,130.4,215.1,109.1,0.07826968,323.6,504.9,280.7,194.141,22.64,43.05,0.425,0.285,24.01,0.425,0.284,24
